"","TIMESTAMP","RECORD","BatVolt_V_Min","AirTemp_C_Max","AirTemp_C_Min","WindSpeed_ms_Max","RainYearly_mm","DailyETo_mm","RAIN"
"3",2012-03-03,0,13.14225,37.85565,21.51169,6.47,0,2.234099,0
"4",2012-03-05,1,12.98864,41.5972,22.53278,6.929,0,6.492694,0
"5",2012-03-06,2,12.95674,41.39651,24.96198,4.0985,0,0.5091276,0
"6",2012-09-11,3,13.04656,30.73819,14.99991,0.503,0,0.01327138,0
"7",2012-09-18,4,13.10952,25.81842,21.39893,5.092999,0,2.054174,0
"8",2012-09-19,5,13.03397,30.23721,14.98999,4.8635,0,4.992909,0
"9",2012-09-20,6,13.02473,29.98508,17.54507,3.9455,0,4.675554,0
"10",2012-09-21,7,13.00291,30.96378,17.10849,6.0875,0,4.565902,0
"11",2012-09-22,8,13.00207,31.44519,24.46109,7.6175,0,5.363571,0
"12",2012-09-23,9,12.97185,31.20447,23.04486,5.9345,0,4.94896,0
"13",2012-09-24,10,12.92568,31.44116,18.34341,6.5465,0,4.820933,0
"14",2012-09-25,11,12.92904,31.77878,23.08386,6.3935,0,4.86308,0
"15",2012-09-26,12,12.90385,30.66458,20.86444,5.858,0,4.21516,0
"16",2012-09-27,13,12.87447,32.35938,20.12857,4.94,0,4.7814,0
"17",2012-09-28,14,12.86188,32.21948,20.1712,7.7705,0,4.852094,0
"18",2012-09-29,15,12.85181,30.98846,20.4592,7.082,0,5.092787,0
"19",2012-09-30,16,12.86272,30.47696,22.22122,7.7705,0,5.119703,0
"20",2012-10-01,17,12.84761,31.53418,21.77979,5.399,0,5.016008,0
"21",2012-10-02,18,12.82327,34.39877,20.31161,5.552,0,3.489494,0
"22",2012-10-03,19,12.79641,37.48148,16.61966,5.7815,0,5.998938,0
"23",2012-10-04,20,12.79641,35.4819,17.69565,5.552,0,5.912752,0
"24",2012-10-05,21,12.80984,31.34433,17.67014,4.787,0,5.483578,0
"25",2012-10-06,22,12.81907,32.15347,19.39078,6.0875,0,5.473556,0
"26",2012-10-07,23,12.82327,31.5463,21.02307,7.082,0,5.508335,0
"27",2012-10-08,24,12.84425,30.80002,25.88098,6.776,0,5.329757,0
"28",2012-10-09,25,12.83166,31.58847,23.4194,6.317,0,5.04072,0
"29",2012-10-10,26,12.83838,31.22293,22.7858,6.164,0,5.293398,0
"30",2012-10-11,27,12.80564,32.78146,22.12442,7.3115,0,5.690022,0
"31",2012-10-12,28,12.8283,34.64874,23.51193,5.6285,0,5.816505,0
"32",2012-10-13,29,12.81152,35.08069,20.51624,6.011,0,5.154198,0
"33",2012-10-14,30,12.80732,37.16989,17.10678,6.011,0,5.89434,0
"34",2012-10-15,31,12.76451,36.86697,15.75259,6.240499,0,6.249798,0
"35",2012-10-16,32,12.75275,36.14578,15.52072,7.694,0,6.384362,0
"36",2012-10-17,33,12.78969,31.87186,18.02026,7.235,0,5.688159,0
"37",2012-10-18,34,12.83586,33.32632,26.07211,6.6995,0,6.294157,0
"38",2012-10-19,35,12.8283,31.20847,23.89786,8.153,0,5.827134,0
"39",2012-10-20,36,12.83334,30.94067,26.36832,7.0055,0,5.742906,0
"40",2012-10-21,37,12.81236,31.71445,21.93277,7.082,0,5.633196,0
"41",2012-10-22,38,12.80396,31.05392,21.55063,6.929,0,5.451499,0
"42",2012-10-23,39,12.81152,32.69095,22.24036,6.3935,0,5.704311,0
"43",2012-10-24,40,12.79976,32.52808,21.72678,6.011,0,5.896509,0
"44",2012-10-25,41,12.81991,33.46988,26.9353,7.4645,0,6.286888,0
"45",2012-10-26,42,12.82327,32.78653,27.5412,7.082,0,6.460613,0
"46",2012-10-27,43,12.8048,38.37598,27.54193,3.9455,0,0.5441316,0
"47",2013-01-16,44,13.05243,25.29181,20.66135,1e-05,0,0.06049338,0
"48",2013-01-17,45,13.03397,25.33023,19.6228,0.5795,0,0.1538278,0
"49",2013-01-18,46,12.98276,21.31262,19.25122,1e-05,0,0.01805099,0
"50",2013-01-19,47,12.90385,20.6922,19.19446,1e-05,0,0.01827285,0
"51",2013-01-20,48,12.85013,21.33136,19.33322,1e-05,0,0.01858566,0
"52",2013-01-21,49,12.77206,21.87897,19.43634,1e-05,0,0.01878373,0
"53",2013-01-22,50,12.68056,21.98978,19.35001,1e-05,0,0.0188805,0
"54",2013-01-23,51,12.59998,21.58517,19.17535,1e-05,0,0.01861217,0
"55",2013-01-24,52,12.52527,21.88086,19.2572,1e-05,0,0.01860985,0
"56",2013-01-25,53,12.45643,21.35449,19.30386,1e-05,0,0.01842814,0
"57",2013-01-26,54,12.38844,21.0386,19.07098,1e-05,0,0.01856933,0
"58",2013-01-27,55,12.31457,21.74002,19.23926,1e-05,0,0.01879897,0
"59",2013-01-28,56,12.24993,22.15051,19.74466,1e-05,0,0.01890135,0
"60",2013-01-29,57,12.16851,22.29779,19.41956,1e-05,0,0.0190056,0
"61",2013-01-30,58,12.0896,21.69907,19.17535,1e-05,0,0.01910452,0
"62",2013-01-31,59,12.01825,21.62607,19.42435,1e-05,0,0.01927542,0
"63",2013-02-01,60,11.93094,21.73941,18.76389,1e-05,0,0.01944743,0
"64",2013-02-02,61,11.84448,21.76904,19.01141,1e-05,0,0.01950176,0
"65",2013-02-03,62,11.73284,22.23907,19.15085,1e-05,0,0.01973473,0
"66",2013-02-04,63,11.62035,22.66977,19.4808,1e-05,0,0.02013156,0
"67",2013-09-05,64,12.74436,31.15878,23.81314,1.574,0,0.04169463,0
"68",2013-09-06,65,12.58739,31.66803,21.69275,0.4265,21,0.01704461,21
"69",2013-09-07,66,12.45308,26.41556,24.94974,1e-05,23,0.001812293,2
"70",2013-09-08,67,12.64699,34.3284,15.23532,4.634,23,1.07051,0
"71",2013-09-09,68,12.56472,33.6347,9.494598,6.6995,23,2.695972,0
"72",2013-09-10,69,12.74688,33.28711,16.01578,0.4265,23,0.1046989,0
"73",2013-09-11,70,12.63355,29.11908,14.4299,1.268,23,0.01443182,0
"74",2013-09-12,71,12.59662,37.86053,11.89526,8.8415,23,6.109945,0
"75",2013-09-13,72,12.76535,35.73196,14.18173,9.530001,23,6.620052,0
"76",2013-09-14,73,12.73513,34.37677,9.146332,7.694,23,5.623521,0
"77",2013-09-15,74,12.77122,37.01047,8.945953,8,23,5.636691,0
"78",2013-09-16,75,12.80228,34.58853,13.37616,10.8305,23,7.100432,0
"79",2013-09-17,76,12.77458,30.65274,6.726563,7.4645,23,5.081682,0
"80",2013-09-18,77,12.76367,33.97806,4.080505,7.847,23,5.887582,0
"81",2013-09-19,78,12.7729,33.1138,5.754425,7.0055,23,5.510412,0
"82",2013-09-20,79,12.76367,32.82935,3.983765,5.9345,23,4.917778,0
"83",2013-09-21,80,12.77206,35.01608,4.024994,6.317,23,5.435215,0
"84",2013-09-22,81,12.81487,37.03522,9.437744,6.3935,23,5.726707,0
"85",2013-09-23,82,12.79976,38.41278,9.579681,8.765,23,6.60395,0
"86",2013-09-24,83,12.8283,38.62131,15.13385,9.071,23,6.973196,0
"87",2013-09-25,84,12.77542,37.73853,10.25558,6.3935,23,5.998025,0
"88",2013-09-26,85,12.77458,38.98987,8.947479,8.306,23,6.461407,0
"89",2013-09-27,86,12.78885,38.38199,11.65244,8.9945,23,6.251783,0
"90",2013-09-28,87,12.8006,36.9201,13.33139,5.858,23,5.494454,0
"91",2013-09-29,88,12.81152,34.80521,14.89664,8.535501,23,6.592562,0
"92",2013-09-30,89,12.81068,37.46698,14.58344,6.929,23,5.809084,0
"93",2013-10-01,90,12.82327,39.43454,16.77509,11.213,23,8.38568,0
"94",2013-10-02,91,12.84341,37.24078,17.68753,6.776,23,5.556797,0
"95",2013-10-03,92,12.77542,36.91629,11.84464,6.5465,23,6.11597,0
"96",2013-10-04,93,12.77374,34.80783,11.05426,9.3005,23,7.438888,0
"97",2013-10-05,94,12.7813,34.09998,10.10278,7.1585,23,6.429549,0
"98",2013-10-06,95,12.7813,36.99045,8.566132,6.164,23,5.534621,0
"99",2013-10-07,96,12.75443,39.8262,7.99231,6.164,23,5.749771,0
"100",2013-10-08,97,12.75695,41.47638,9.244904,10.142,23,6.280783,0
"101",2013-10-09,98,12.77458,41.98029,12.49814,7.694,23,7.070882,0
"102",2013-10-10,99,12.79137,42.39639,14.87347,8.535501,23,8.018503,0
"103",2013-10-11,100,12.82495,42.21738,19.43454,8,23,7.972979,0
"104",2013-10-12,101,12.81236,35.73654,20.99142,7.847,23,6.145753,0
"105",2013-10-13,102,12.84509,38.67645,22.52573,8,23,5.376186,0
"106",2013-10-14,103,12.80312,35.10135,16.97787,9.071,23,8.83114,0
"107",2013-10-15,104,12.79809,31.18283,16.05066,10.5245,23,7.701109,0
"108",2013-10-16,105,12.82747,34.55133,11.86786,6.5465,23,5.074803,0
"109",2013-10-17,106,12.79557,38.8938,9.148376,7.540999,23,6.379432,0
"110",2013-10-18,107,12.82075,39.88864,17.8205,6.623,23,7.292446,0
"111",2013-10-19,108,12.80228,38.40778,17.38684,8.535501,23,7.377999,0
"112",2013-10-20,109,12.76451,42.20728,13.43921,5.7815,23,6.588254,0
"113",2013-10-21,110,12.77878,42.30057,15.52905,8.306,23,7.063665,0
"114",2013-10-22,111,12.80312,42.55603,19.77972,7.9235,23,6.819191,0
"115",2013-10-23,112,12.81152,39.25937,21.88657,8.6885,23,6.546854,0
"116",2013-10-24,113,12.80984,35.73743,20.03735,8,23,7.194288,0
"117",2013-10-25,114,12.80396,34.73932,15.43097,8.612,23,8.103754,0
"118",2013-10-26,115,12.79809,36.04114,13.56552,8.765,23,8.326612,0
"119",2013-10-27,116,12.76787,37.19766,11.15448,7.9235,23,7.610481,0
"120",2013-10-28,117,12.7494,39.45303,9.363007,7.0055,23,6.661376,0
"121",2013-10-29,118,12.75863,43.09183,12.05057,6.5465,23,6.792097,0
"122",2013-10-30,119,12.81152,38.56033,20.48865,8.459001,23,8.993901,0
"123",2013-10-31,120,12.80816,38.20554,18.70059,11.06,23,7.441367,0
"124",2013-11-01,121,12.81068,37.99573,20.00089,10.2185,23,7.812482,0
"125",2013-11-02,122,12.7687,38.53732,15.62231,7.7705,23,8.037946,0
"126",2013-11-03,123,12.73849,39.01013,9.579681,7.6175,23,7.242173,0
"127",2013-11-04,124,12.73093,40.49564,11.38422,7.9235,23,8.108191,0
"128",2013-11-05,125,12.79557,41.49286,17.63596,10.3715,23,9.469855,0
"129",2013-11-06,126,12.79641,41.76712,22.27353,8.0765,23,8.863735,0
"130",2013-11-07,127,12.74436,43.80457,14.35162,5.9345,23,6.834836,0
"131",2013-11-08,128,12.75947,43.52682,15.63904,7.847,23,8.346993,0
"132",2013-11-09,129,12.80396,39.68094,24.13516,9.606501,23,9.308216,0
"133",2013-11-10,130,12.79641,40.82022,20.44876,13.661,23,9.284739,0
"134",2013-11-11,131,12.8006,37.99872,20.25055,9.071,23,8.921999,0
"135",2013-11-12,132,12.8048,36.02728,17.01794,9.071,23,8.074212,0
"136",2013-11-13,133,12.81403,37.44284,18.00977,9.4535,23,8.446697,0
"137",2013-11-14,134,12.80144,38.89682,17.71362,8.612,23,9.297722,0
"138",2013-11-15,135,12.76619,40.69171,14.55051,6.776,23,6.826296,0
"139",2013-11-16,136,12.78381,41.14169,17.82864,8.382501,23,7.378056,0
"140",2013-11-17,137,12.79557,39.44278,22.52316,8.306,23,7.140457,0
"141",2013-11-18,138,12.79892,38.25995,20.30548,7.3115,23,6.21834,0
"142",2013-11-19,139,12.82327,33.6416,21.13309,8,23,6.095422,0
"143",2013-11-20,140,12.8006,37.74829,15.61948,5.9345,23,6.205775,0
"144",2013-11-21,141,12.8006,35.64227,19.90378,8.2295,23,6.17915,0
"145",2013-11-22,142,12.81655,41.59171,18.26654,6.47,23,6.04457,0
"146",2013-11-23,143,12.83334,40.55624,22.10028,10.5245,24,7.405032,1
"147",2013-11-24,144,12.77458,31.40887,18.41159,4.0985,26,2.365362,2
"148",2013-11-25,145,12.8686,39.84076,18.92163,7.540999,26,6.386665,0
"149",2013-11-26,146,12.82495,40.20386,20.73843,8.6885,26,6.821311,0
"150",2013-11-27,147,12.81739,37.96829,22.51865,8.765,26,4.940803,0
"151",2013-11-28,148,12.82495,42.06396,19.60471,5.705,26,6.806422,0
"152",2013-11-29,149,12.83586,32.52975,20.0015,11.7485,28,4.773813,2
"153",2013-11-30,150,12.85769,40.7056,18.92398,11.06,28,6.321074,0
"154",2013-12-01,151,12.84174,43.729,25.28635,10.9835,28,8.784949,0
"155",2013-12-02,152,12.81236,42.42465,22.89508,7.1585,28,6.974018,0
"156",2013-12-03,153,12.82159,43.14267,22.48145,11.366,28,6.762841,0
"157",2013-12-04,154,12.79641,42.87314,22.22443,8.8415,28,8.462877,0
"158",2013-12-05,155,12.80648,36.28427,20.89413,10.6775,28,5.72754,0
"159",2013-12-06,156,12.84341,33.2803,21.49414,9.530001,28,8.430693,0
"160",2013-12-07,157,12.84341,36.70807,16.90524,8.8415,28,8.863297,0
"161",2013-12-08,158,12.79473,40.34412,14.22537,8.153,28,7.330445,0
"162",2013-12-09,159,12.78717,43.45547,17.09872,8.765,28,7.052632,0
"163",2013-12-10,160,12.8132,42.7016,25.01096,8.9945,28,7.394475,0
"164",2013-12-11,161,12.79389,36.89255,21.32822,9.071,29,8.156709,1
"165",2013-12-12,162,12.79557,36.8717,20.44751,8.0765,29,6.918581,0
"166",2013-12-13,163,12.78717,37.94376,15.52905,8,29,7.211101,0
"167",2013-12-14,164,12.80312,39.42426,19.8959,7.9235,29,8.428102,0
"168",2013-12-15,165,12.75443,39.92514,14.573,11.978,29,8.4808,0
"169",2013-12-16,166,12.78801,41.5192,18.37869,8.918,29,8.826387,0
"170",2013-12-17,167,12.78969,42.56851,21.43521,9.9125,29,9.583807,0
"171",2013-12-18,168,12.76283,38.81613,18.67691,8.0765,29,6.248121,0
"172",2013-12-19,169,12.79892,40.79874,19.62341,6.240499,29,5.939528,0
"173",2013-12-20,170,12.77626,44.64108,21.60715,6.623,29,7.458304,0
"174",2013-12-21,171,12.7813,45.94336,21.93405,11.5955,29,7.291238,0
"175",2013-12-22,172,12.79976,38.12561,23.07996,9.759501,29,7.550131,0
"176",2013-12-23,173,12.82495,34.02676,21.99612,6.3935,29,4.413544,0
"177",2013-12-24,174,12.83166,35.25632,18.67453,7.9235,38,5.693357,9
"178",2013-12-25,175,12.82495,28.16205,17.93573,6.164,40,3.482608,2
"179",2013-12-26,176,12.87699,37.17661,18.27124,8.0765,40,7.163299,0
"180",2013-12-27,177,12.83502,39.93454,19.58664,8.459001,40,7.765525,0
"181",2013-12-28,178,12.80564,41.67432,19.94019,8.0765,40,8.160356,0
"182",2013-12-29,179,12.76787,43.68536,16.80246,6.776,40,7.118461,0
"183",2013-12-30,180,12.7771,45.17929,20.53589,8.612,40,8.245881,0
"184",2013-12-31,181,12.79976,45.18918,23.00592,12.0545,40,6.991105,0
"185",2014-01-01,182,12.79725,44.83615,22.55075,8.765,40,7.983922,0
"186",2014-01-02,183,12.78969,47.30191,23.35785,8.2295,0,7.28863,0
"187",2014-01-03,184,12.79473,45.69574,23.73184,8.382501,1,8.836864,1
"188",2014-01-04,185,12.79557,43.74783,24.96606,9.224001,1,9.938974,0
"189",2014-01-05,186,12.75443,40.71738,19.44595,8.765,1,7.821712,0
"190",2014-01-06,187,12.76619,40.98166,18.54996,7.7705,1,8.865082,0
"191",2014-01-07,188,12.75611,39.52914,16.64243,9.3005,1,9.706982,0
"192",2014-01-08,189,12.75108,37.73367,14.59497,8,1,9.211856,0
"193",2014-01-09,190,12.76619,38.81213,13.12119,8.9945,1,8.668907,0
"194",2014-01-10,191,12.76199,39.94183,13.23352,7.082,1,7.897735,0
"195",2014-01-11,192,12.76451,42.34109,14.89554,7.4645,1,7.786463,0
"196",2014-01-12,193,12.74184,43.81403,13.4856,10.3715,1,9.490366,0
"197",2014-01-13,194,12.79473,44.42557,22.70261,9.989,1,9.774768,0
"198",2014-01-14,195,12.78214,42.12207,21.86313,9.530001,1,7.932546,0
"199",2014-01-15,196,12.80648,42.23642,24.17719,8.535501,1,9.051509,0
"200",2014-01-16,197,12.79389,39.13602,21.98093,9.683,9,7.923213,8
"201",2014-01-17,198,12.79725,27.44766,21.1972,9.1475,17,3.827815,8
"202",2014-01-18,199,12.87195,26.34576,21.06906,9.759501,85,2.0872,68
"203",2014-01-19,200,12.86608,24.99667,21.12869,10.142,152,1.533454,67
"204",2014-01-20,201,12.86188,25.47049,21.12189,9.9125,180,2.346278,28
"205",2014-01-21,202,12.9005,31.57471,20.67926,8.306,183,5.236194,3
"206",2014-01-22,203,12.86776,32.71771,21.02307,7.4645,183,5.346873,0
"207",2014-01-23,204,12.85181,36.06522,22.97348,8,183,7.449901,0
"208",2014-01-24,205,12.82747,38.66541,20.909,5.552,183,6.144254,0
"209",2014-01-25,206,12.83166,39.89386,23.91248,11.5955,183,5.768056,0
"210",2014-01-26,207,12.81068,37.63547,23.54803,8.459001,183,8.472876,0
"211",2014-01-27,208,12.80816,37.07239,22.12637,6.47,183,5.820862,0
"212",2014-01-28,209,12.79641,37.26477,21.95621,6.8525,183,6.205962,0
"213",2014-01-29,210,12.80984,35.87054,23.1366,7.082,186,5.778389,3
"214",2014-01-30,211,12.79809,37.35611,23.21017,8.459001,187,3.834551,1
"215",2014-01-31,212,12.81487,39.82831,21.91629,7.1585,187,7.41116,0
"216",2014-02-01,213,12.75947,40.02127,18.52463,6.776,187,8.02737,0
"217",2014-02-02,214,12.74688,39.75351,16.66632,6.8525,187,7.080905,0
"218",2014-02-03,215,12.77962,39.5209,19.15445,7.847,187,6.356512,0
"219",2014-02-04,216,12.77626,39.13199,20.86075,10.0655,189,6.20277,2
"220",2014-02-05,217,12.79305,32.31955,19.80569,10.754,189,4.711036,0
"221",2014-02-06,218,12.81487,37.02472,22.811,8.382501,189,8.45717,0
"222",2014-02-07,219,12.76954,37.55402,17.61395,9.071,189,8.736273,0
"223",2014-02-08,220,12.7729,37.38501,18.58951,9.606501,189,8.159004,0
"224",2014-02-09,221,12.77038,38.33231,19.50244,8.382501,189,7.438156,0
"225",2014-02-10,222,12.79305,37.54916,22.76062,8.459001,189,5.683678,0
"226",2014-02-11,223,12.79809,38.64337,22.3508,6.776,192,5.288037,3
"227",2014-02-12,224,12.79976,36.54333,24.11652,7.082,192,5.776587,0
"228",2014-02-13,225,12.80564,31.06351,22.38858,10.448,194,5.58202,2
"229",2014-02-14,226,12.85349,34.75266,22.80002,8.612,198,6.266682,4
"230",2014-02-15,227,12.82663,36.11429,22.86142,7.3115,198,6.752607,0
"231",2014-02-16,228,12.81152,36.32343,23.07672,6.0875,198,6.727151,0
"232",2014-02-17,229,12.78549,35.47916,19.65955,6.011,198,6.483512,0
"233",2014-02-18,230,12.76954,35.87238,16.92181,8.459001,198,6.935977,0
"234",2014-02-19,231,12.72421,36.63736,11.86365,7.847,198,7.017667,0
"235",2014-02-20,232,12.72589,36.52362,12.43805,7.1585,198,6.771918,0
"236",2014-02-21,233,12.75695,34.64697,15.84955,7.235,198,7.190075,0
"237",2014-02-22,234,12.7494,33.16299,12.81702,7.9235,198,7.554226,0
"238",2014-02-23,235,12.77374,33.33313,12.15851,9.071,198,7.668283,0
"239",2014-02-24,236,12.72169,34.6514,7.845551,8,198,6.976796,0
"240",2014-02-25,237,12.82663,30.95581,19.72537,7.540999,198,4.509406,0
"241",2014-02-26,238,12.83586,33.05621,20.52176,9.530001,198,6.085966,0
"242",2014-02-27,239,12.82663,33.12482,17.88507,7.1585,198,5.223113,0
"243",2014-02-28,240,12.78969,35.44464,15.66699,7.1585,198,6.559408,0
"244",2014-03-01,241,12.7368,35.64597,12.4838,6.929,198,6.67142,0
"245",2014-03-02,242,12.78465,36.98474,17.90369,7.6175,198,5.682283,0
"246",2014-03-03,243,12.74184,35.88986,14.99881,7.847,198,7.200514,0
"247",2014-03-04,244,12.70743,36.40283,10.9046,12.743,198,7.046398,0
"248",2014-03-05,245,12.73513,36.70901,14.79242,7.0055,198,6.044391,0
"249",2014-03-06,246,12.75947,36.7912,17.5954,6.3935,198,5.320316,0
"250",2014-03-07,247,12.78801,38.76883,22.22058,8.2295,198,6.611751,0
"251",2014-03-08,248,12.77458,37.19287,21.41519,8.2295,198,5.298571,0
"252",2014-03-09,249,12.77794,35.59485,18.30585,8.9945,198,6.337546,0
"253",2014-03-10,250,12.75611,38.11575,14.35983,7.694,198,5.706007,0
"254",2014-03-11,251,12.74352,39.41809,15.79123,7.1585,198,6.336631,0
"255",2014-03-12,252,12.75947,39.29208,19.39676,10.8305,198,7.072211,0
"256",2014-03-13,253,12.73513,38.4267,15.23254,8,198,7.337347,0
"257",2014-03-14,254,12.7091,38.88068,13.67151,7.1585,198,6.505541,0
"258",2014-03-15,255,12.73429,40.54669,16.17178,5.9345,198,5.440469,0
"259",2014-03-16,256,12.72841,41.58398,16.80762,5.6285,198,5.547609,0
"260",2014-03-17,257,12.73849,42.82846,18.6503,8.6885,198,6.430239,0
"261",2014-03-18,258,12.75191,41.63022,20.67984,7.6175,198,6.352756,0
"262",2014-03-19,259,12.73764,39.91473,19.41177,6.317,200,5.026404,2
"263",2014-03-20,260,12.76619,39.05984,18.88721,7.847,200,8.466575,0
"264",2014-03-21,261,12.72254,38.68848,13.54175,7.4645,200,6.228121,0
"265",2014-03-22,262,12.76535,40.71841,19.11029,7.694,201,6.494977,1
"266",2014-03-23,263,12.73429,40.44577,15.74475,7.6175,201,6.104941,0
"267",2014-03-24,264,12.73764,39.36783,15.49731,7.6175,201,6.353569,0
"268",2014-03-25,265,12.77878,36.93246,21.694,6.164,201,6.203761,0
"269",2014-03-26,266,12.76367,32.39087,15.18539,7.235,201,6.810055,0
"270",2014-03-27,267,12.74856,32.02103,8.672272,6.240499,201,5.183452,0
"271",2014-03-28,268,12.75443,34.24771,8.442902,7.0055,201,4.961008,0
"272",2014-03-29,269,12.75947,37.38977,9.687958,7.3115,201,5.28957,0
"273",2014-03-30,270,12.73513,37.61316,10.09399,5.399,201,4.730508,0
"274",2014-03-31,271,12.74604,39.42838,12.87421,6.011,201,5.100046,0
"275",2014-04-01,272,12.80396,39.38116,20.79584,9.4535,201,4.378337,0
"276",2014-04-02,273,12.76451,40.54669,18.92758,7.694,201,4.83825,0
"277",2014-04-03,274,12.73932,42.31409,17.81699,8.9945,201,4.387709,0
"278",2014-04-04,275,12.7687,36.91061,21.40265,8.382501,201,5.836339,0
"279",2014-04-05,276,12.77962,37.01331,18.9335,8.459001,201,5.421984,0
"280",2014-04-06,277,12.77878,36.28152,17.9433,11.213,215,5.380761,14
"281",2014-04-07,278,12.76451,29.6416,20.28107,7.694,216,3.2154,1
"282",2014-04-08,279,12.83838,28.61581,19.75192,4.8635,218,2.311845,2
"283",2014-04-09,280,12.81907,21.20032,16.0816,7.082,233,1.575579,15
"284",2014-04-10,281,12.85769,29.92615,16.08951,5.092999,236,3.098246,3
"285",2014-04-11,282,12.82998,31.92099,16.46301,6.8525,236,4.894933,0
"286",2014-04-12,283,12.78717,31.53094,14.45181,6.240499,236,5.00695,0
"287",2014-04-13,284,12.77962,28.68237,13.49802,7.0055,236,5.146842,0
"288",2014-04-14,285,12.77038,29.60165,10.76932,6.011,236,4.981172,0
"289",2014-04-15,286,12.76031,27.79037,8.840546,7.388,236,4.826705,0
"290",2014-04-16,287,12.75947,29.48596,7.926208,7.847,236,5.002883,0
"291",2014-04-17,288,12.75947,30.3287,9.038696,6.011,236,4.953311,0
"292",2014-04-18,289,12.75611,31.20605,9.710022,6.47,236,4.867379,0
"293",2014-04-19,290,12.73764,31.96606,8.595581,6.3935,236,5.278872,0
"294",2014-04-20,291,12.72338,31.13553,7.846558,6.240499,236,4.664474,0
"295",2014-04-21,292,12.73093,32.33115,7.169678,7.235,236,4.563996,0
"296",2014-04-22,293,12.72841,34.06769,7.807739,5.6285,236,4.023341,0
"297",2014-04-23,294,12.72673,33.45361,8.061981,7.6175,236,4.121908,0
"298",2014-04-24,295,12.7091,35.13193,7.717621,7.1585,236,4.278265,0
"299",2014-04-25,296,12.72505,33.745,9.561218,5.4755,236,4.107358,0
"300",2014-04-26,297,12.72002,34.51776,8.906708,5.092999,236,4.170278,0
"301",2014-04-27,298,12.72505,35.0152,10.15231,6.8525,236,4.666983,0
"302",2014-04-28,299,12.73429,35.7576,11.86469,6.5465,236,4.617397,0
"303",2014-04-29,300,12.7813,33.49643,18.32697,4.94,240,2.439767,4
"304",2014-04-30,301,12.79557,35.75943,17.75076,7.540999,240,4.62635,0
"305",2014-05-01,302,12.74772,24.76929,13.98401,6.623,242,3.60176,2
"306",2014-05-02,303,12.79809,28.34708,12.78973,5.3225,242,3.088628,0
"307",2014-05-03,304,12.75191,26.6355,8.499176,5.3225,242,3.936093,0
"308",2014-05-04,305,12.76367,26.18417,7.777008,5.705,242,3.445739,0
"309",2014-05-05,306,12.75611,27.21439,4.138977,4.787,242,3.235283,0
"310",2014-05-06,307,12.76954,29.61929,6.103424,5.6285,242,3.402185,0
"311",2014-05-07,308,12.78717,29.37143,10.63992,5.1695,242,3.069555,0
"312",2014-05-08,309,12.75611,30.07434,9.246429,5.1695,242,3.756299,0
"313",2014-05-09,310,12.75191,31.63553,8.272247,5.1695,242,3.334146,0
"314",2014-05-10,311,12.74772,33.44589,8.996887,5.246,242,3.630162,0
"315",2014-05-11,312,12.77542,34.69046,13.74841,4.481,242,3.153825,0
"316",2014-05-12,313,12.75108,35.259,12.68832,7.082,242,3.928909,0
"317",2014-05-13,314,12.77794,22.45068,12.08069,6.3935,244,1.559137,2
"318",2014-05-14,315,12.76283,32.20462,10.76358,5.7815,244,3.874402,0
"319",2014-05-15,316,12.73093,30.57065,8.672272,6.5465,244,3.980906,0
"320",2014-05-16,317,12.70827,30.07434,6.665131,6.5465,244,4.116123,0
"321",2014-05-17,318,12.73177,29.71695,8.704773,6.623,244,2.787763,0
"322",2014-05-18,319,12.74688,31.48154,12.04529,5.399,244,3.255282,0
"323",2014-05-19,320,12.72925,32.05634,11.62247,5.399,244,2.93122,0
"324",2014-05-20,321,12.76031,31.09152,13.28137,5.399,244,2.698414,0
"325",2014-05-21,322,12.70491,30.97971,8.944916,5.1695,244,3.32853,0
"326",2014-05-22,323,12.73597,32.7077,11.41672,5.552,244,3.277051,0
"327",2014-05-23,324,12.75108,29.87204,13.19748,4.634,246,2.545227,2
"328",2014-05-24,325,12.73429,31.79346,9.075409,6.164,246,3.331128,0
"329",2014-05-25,326,12.7091,33.42282,8.222168,5.3225,246,3.078048,0
"330",2014-05-26,327,12.71582,33.65967,10.65811,5.6285,246,3.598571,0
"331",2014-05-27,328,12.77878,30.22864,12.73157,6.5465,246,3.56025,0
"332",2014-05-28,329,12.67637,28.97998,6.344635,5.7815,246,3.370413,0
"333",2014-05-29,330,12.70659,31.86041,5.057404,5.399,246,2.980186,0
"334",2014-05-30,331,12.74352,31.55441,11.508,4.5575,246,2.549454,0
"335",2014-05-31,332,12.72254,30.76035,10.21686,5.1695,246,2.568666,0
"336",2014-06-01,333,12.69483,29.91611,7.036987,4.8635,246,2.983932,0
"337",2014-06-02,334,12.74604,29.5051,5.769318,5.858,246,3.258392,0
"338",2014-06-03,335,12.74016,28.29962,5.399353,5.858,246,3.055604,0
"339",2014-06-04,336,12.7452,26.241,7.480743,5.092999,246,2.946969,0
"340",2014-06-05,337,12.7133,24.83972,3.32431,5.6285,246,3.496616,0
"341",2014-06-06,338,12.76619,24.29749,6.246613,8.153,246,3.956523,0
"342",2014-06-07,339,12.75024,25.76913,5.993622,7.082,246,4.377382,0
"343",2014-06-08,340,12.75863,24.02933,7.09201,8.382501,246,4.703821,0
"344",2014-06-09,341,12.74688,23.15872,3.915009,8.306,246,4.012921,0
"345",2014-06-10,342,12.76199,23.00723,5.491882,8.6885,246,4.111055,0
"346",2014-06-11,343,12.75275,22.99164,1.19458,6.8525,246,3.099801,0
"347",2014-06-12,344,12.69399,26.88528,-1.848389,6.317,246,2.816154,0
"348",2014-06-13,345,12.73429,28.1178,2.652252,4.94,246,3.201069,0
"349",2014-06-14,346,12.76283,23.7193,5.970276,6.5465,246,3.129906,0
"350",2014-06-15,347,12.72589,21.30014,1.64444,6.8525,246,2.997348,0
"351",2014-06-16,348,12.68728,20.80322,-3.070251,7.3115,246,3.273128,0
"352",2014-06-17,349,12.71162,20.28778,-2.76004,6.6995,246,3.220028,0
"353",2014-06-18,350,12.74688,21.53931,1.251617,8,246,3.901016,0
"354",2014-06-19,351,12.75695,27.71078,0.4355469,6.776,246,3.001257,0
"355",2014-06-20,352,12.77542,27.28717,4.190063,4.5575,246,2.603158,0
"356",2014-06-21,353,12.71162,29.98816,2.353821,4.8635,246,2.800109,0
"357",2014-06-22,354,12.70994,30.38196,2.701111,4.7105,246,2.688044,0
"358",2014-06-23,355,12.73345,30.76746,4.728424,4.5575,246,2.923422,0
"359",2014-06-24,356,12.74184,30.74451,6.721527,5.858,246,3.092046,0
"360",2014-06-25,357,12.78801,17.11023,3.565826,5.6285,246,2.295176,0
"361",2014-06-26,358,12.67637,22.74707,-1.577667,6.623,246,3.132289,0
"362",2014-06-27,359,12.73261,26.26486,-1.687103,6.317,246,2.524949,0
"363",2014-06-28,360,12.70071,26.00995,-1.803406,5.858,246,3.258921,0
"364",2014-06-29,361,12.7368,21.4183,0.6825256,6.317,246,3.060728,0
"365",2014-06-30,362,12.65538,22.6311,-5.460968,6.776,246,2.787657,0
"366",2014-07-01,363,12.71414,21.38828,-1.291046,8.765,246,3.006835,0
"367",2014-07-02,364,12.72086,20.90402,-2.80127,6.3935,246,3.001493,0
"368",2014-07-03,365,12.7494,20.99203,-0.02481079,8,246,3.391604,0
"369",2014-07-04,366,12.67804,21.87833,-5.172089,4.481,246,2.574943,0
"370",2014-07-05,367,12.69567,24.96198,-3.968201,5.092999,246,2.876868,0
"371",2014-07-06,368,12.70323,23.95358,-3.204407,6.3935,246,3.102866,0
"372",2014-07-07,369,12.67049,24.37115,-4.173615,4.7105,246,2.695341,0
"373",2014-07-08,370,12.69483,26.99753,-3.7034,4.8635,246,2.800436,0
"374",2014-07-09,371,12.68308,26.92172,-1.702728,7.6175,246,3.807608,0
"375",2014-07-10,372,12.72589,23.74503,-0.05307007,4.8635,246,2.749119,0
"376",2014-07-11,373,12.72841,23.73251,-2.750244,6.8525,246,2.940255,0
"377",2014-07-12,374,12.72254,25.00281,-1.597229,7.6175,246,2.742811,0
"378",2014-07-13,375,12.72254,22.86661,1.255005,5.7815,246,2.849669,0
"379",2014-07-14,376,12.7729,15.39093,6.708588,6.6995,265,0.9170907,19
"380",2014-07-15,377,12.75611,15.06851,7.067505,4.8635,269,1.200375,4
"381",2014-07-16,378,12.79809,23.4017,4.953766,5.3225,269,2.746642,0
"382",2014-07-17,379,12.76283,24.69757,1.805389,4.328,269,2.56767,0
"383",2014-07-18,380,12.76619,23.51651,3.763916,6.623,269,3.258979,0
"384",2014-07-19,381,12.72673,19.74707,2.291809,9.3005,269,3.021147,0
"385",2014-07-20,382,12.82075,23.46924,10.34091,7.235,269,3.08305,0
"386",2014-07-21,383,12.74604,26.45999,4.415253,6.47,269,2.899003,0
"387",2014-07-22,384,12.75695,29.57327,6.263031,5.552,269,2.629606,0
"388",2014-07-23,385,12.78885,28.52551,10.19205,7.0055,269,3.786047,0
"389",2014-07-24,386,12.80228,28.69812,13.14215,6.164,269,3.982424,0
"390",2014-07-25,387,12.71414,26.21991,5.041107,6.776,269,3.36334,0
"391",2014-07-26,388,12.66545,28.18423,-0.5530701,5.092999,269,2.916357,0
"392",2014-07-27,389,12.76031,27.74799,4.927094,5.7815,269,3.304108,0
"393",2014-07-28,390,12.73849,29.97186,5.847198,4.5575,269,3.105668,0
"394",2014-07-29,391,12.70239,29.12057,3.545197,4.0985,269,2.923537,0
"395",2014-07-30,392,12.69651,29.16302,3.62265,6.5465,269,3.057172,0
"396",2014-07-31,393,12.70239,30.68906,3.957733,4.94,269,3.224891,0
"397",2014-08-01,394,12.70323,28.99359,3.983246,5.552,269,3.314827,0
"398",2014-08-02,395,12.68644,27.06274,2.858002,6.623,269,4.387021,0
"399",2014-08-03,396,12.76031,22.97543,8.329956,7.9235,269,4.200978,0
"400",2014-08-04,397,12.75947,23.55396,5.732147,6.3935,269,4.260196,0
"401",2014-08-05,398,12.68308,21.30014,-0.4336548,7.235,269,3.971809,0
"402",2014-08-06,399,12.77122,22.10919,-0.4862671,8.306,269,4.648492,0
"403",2014-08-07,400,12.76787,25.7962,2.239594,9.835999,269,4.778524,0
"404",2014-08-08,401,12.81991,28.02722,10.92493,9.606501,269,5.072567,0
"405",2014-08-09,402,12.74436,28.31369,7.153137,8.382501,269,4.842016,0
"406",2014-08-10,403,12.69567,27.00327,3.910126,7.6175,269,4.18502,0
"407",2014-08-11,404,12.67469,26.4353,-0.1865845,6.8525,269,4.33111,0
"408",2014-08-12,405,12.67301,25.84625,0.6065063,8.535501,269,4.444301,0
"409",2014-08-13,406,12.70155,23.06436,3.46048,7.6175,269,4.312719,0
"410",2014-08-14,407,12.72673,19.14908,2.960205,8.153,269,4.392017,0
"411",2014-08-15,408,12.741,18.2431,-1.394043,7.3115,269,3.726614,0
"412",2014-08-16,409,12.68896,20.77731,-5.031891,8.2295,269,3.409297,0
"413",2014-08-17,410,12.73345,22.03864,-2.857178,5.246,269,3.37043,0
"414",2014-08-18,411,12.70994,23.53162,-1.613831,7.235,269,3.488146,0
"415",2014-08-19,412,12.73429,24.46176,1.410461,5.9345,269,3.472821,0
"416",2014-08-20,413,12.72673,25.4567,0.6805725,10.3715,269,3.524037,0
"417",2014-08-21,414,12.7175,25.73444,1.358307,5.705,269,3.608346,0
"418",2014-08-22,415,12.70323,26.54764,0.08044434,8.765,269,3.882271,0
"419",2014-08-23,416,12.67637,27.50348,0.07019043,6.164,269,4.279613,0
"420",2014-08-24,417,12.72002,28.71756,2.073669,8.612,269,5.452339,0
"421",2014-08-25,418,12.69232,28.80835,1.904877,8.6885,269,5.227077,0
"422",2014-08-26,419,12.68476,27.97504,1.780518,9.989,269,5.188072,0
"423",2014-08-27,420,12.66629,28.4935,0.7477722,6.6995,269,4.384285,0
"424",2014-08-28,421,12.6856,28.31369,2.846771,6.0875,269,4.576735,0
"425",2014-08-29,422,12.69232,35.00082,3.370819,7.1585,269,4.579984,0
"426",2014-08-30,423,12.69567,28.57101,2.624878,7.235,269,4.574487,0
"427",2014-08-31,424,12.72673,30.29037,6.044769,5.705,269,4.364322,0
"428",2014-09-01,425,12.67888,31.36612,3.982758,6.240499,269,4.248483,0
"429",2014-09-02,426,12.67553,34.50363,3.19162,5.246,269,4.334034,0
"430",2014-09-03,427,12.72338,30.3577,8.802399,8.153,269,5.219066,0
"431",2014-09-04,428,12.71246,32.82095,6.43927,4.94,269,4.300763,0
"432",2014-09-05,429,12.69903,34.02676,6.298859,6.0875,269,4.621252,0
"433",2014-09-06,430,12.75779,29.59476,12.36368,7.3115,269,4.790626,0
"434",2014-09-07,431,12.76535,33.6347,13.04987,8.306,269,4.519309,0
"435",2014-09-08,432,12.71162,36.44022,9.343567,7.6175,269,5.32201,0
"436",2014-09-09,433,12.7729,37.12015,15.87643,9.224001,269,7.027914,0
"437",2014-09-10,434,12.72254,35.96909,11.90585,9.606501,269,5.709076,0
"438",2014-09-11,435,12.68896,36.03101,8.613861,7.6175,269,4.991861,0
"439",2014-09-12,436,12.71414,36.18292,11.76611,6.776,269,4.889291,0
"440",2014-09-13,437,12.7133,34.43137,11.49222,10.0655,269,6.460272,0
"441",2014-09-14,438,12.741,33.19437,12.80151,8.153,269,6.159712,0
"442",2014-09-15,439,12.69232,34.58853,7.883331,7.9235,269,5.394335,0
"443",2014-09-16,440,12.68728,35.5994,7.773499,6.929,269,4.937407,0
"444",2014-09-17,441,12.69483,36.91629,9.619202,7.388,269,5.304615,0
"445",2014-09-18,442,12.70155,36.19034,10.20343,10.754,269,5.539513,0
"446",2014-09-19,443,12.70407,35.91104,10.35696,9.1475,269,6.392979,0
"447",2014-09-20,444,12.72673,37.00473,15.00931,9.759501,269,7.155979,0
"448",2014-09-21,445,12.68392,38.61136,11.11429,8.6885,269,6.11046,0
"449",2014-09-22,446,12.70491,30.19116,13.28406,9.071,269,7.104946,0
"450",2014-09-23,447,12.67721,32.49478,5.40033,8.765,269,5.911339,0
"451",2014-09-24,448,12.73513,33.10785,11.73297,8.9945,269,7.032962,0
"452",2014-09-25,449,12.66797,29.6416,5.531464,8.459001,269,6.282217,0
"453",2014-09-26,450,12.67972,32.46646,7.295502,7.6175,269,5.495124,0
"454",2014-09-27,451,12.71666,34.58853,11.18848,8.0765,269,5.901201,0
"455",2014-09-28,452,12.67972,35.97186,8.523041,7.0055,269,5.560716,0
"456",2014-09-29,453,12.71414,37.7522,12.32651,6.317,269,5.693642,0
"457",2014-09-30,454,12.70071,39.21448,12.37961,6.3935,269,5.42814,0
"458",2014-10-01,455,12.67972,40.55731,12.32599,5.6285,269,5.120833,0
"459",2014-10-02,456,12.6814,39.39346,13.82922,10.0655,269,8.491539,0
"460",2014-10-03,457,12.69819,38.15717,16.2926,9.224001,269,7.195032,0
"461",2014-10-04,458,12.67721,40.22174,14.69116,6.8525,269,5.712362,0
"462",2014-10-05,459,12.73093,39.30026,19.06384,6.929,269,4.874568,0
"463",2014-10-06,460,12.68476,40.17123,15.79291,9.071,269,7.625406,0
"464",2014-10-07,461,12.741,41.67874,22.16708,9.1475,269,9.06838,0
"465",2014-10-08,462,12.7175,38.29959,20.48984,8.918,269,8.128171,0
"466",2014-10-09,463,12.69903,38.74271,17.92233,8.153,269,7.334821,0
"467",2014-10-10,464,12.69232,39.95334,16.10135,7.3115,269,6.9229,0
"468",2014-10-11,465,12.67637,41.50272,14.74673,8.2295,269,6.650507,0
"469",2014-10-12,466,12.65538,39.20123,14.02371,7.4645,269,6.398242,0
"470",2014-10-13,467,12.64195,39.85638,12.4136,9.071,269,7.401203,0
"471",2014-10-14,468,12.65622,39.62201,12.72513,9.530001,269,8.379021,0
"472",2014-10-15,469,12.70491,25.41336,11.45291,8.382501,269,5.302898,0
"473",2014-10-16,470,12.71498,34.30206,9.131012,6.6995,269,6.506928,0
"474",2014-10-17,471,12.66293,33.51273,8.528625,10.601,269,6.486786,0
"475",2014-10-18,472,12.66293,34.43576,8.642303,6.6995,269,6.464821,0
"476",2014-10-19,473,12.64531,37.62186,8.113495,9.1475,269,6.761985,0
"477",2014-10-20,474,12.67553,39.45303,9.428528,7.540999,269,7.068418,0
"478",2014-10-21,475,12.6621,40.35892,10.53513,7.847,269,7.228616,0
"479",2014-10-22,476,12.7175,41.60934,16.23611,9.530001,269,7.334858,0
"480",2014-10-23,477,12.67217,41.98474,14.14627,8.612,269,7.109327,0
"481",2014-10-24,478,12.67553,40.89761,15.38257,8.459001,269,6.776749,0
"482",2014-10-25,479,12.67637,41.19165,16.99902,7.4645,269,6.708549,0
"483",2014-10-26,480,12.6621,42.51404,15.96744,7.1585,269,6.441616,0
"484",2014-10-27,481,12.65202,42.07736,15.1915,7.847,269,7.034312,0
"485",2014-10-28,482,12.67301,42.33884,16.75745,10.448,269,6.884449,0
"486",2014-10-29,483,12.70407,40.57858,20.83969,8.765,269,8.662289,0
"487",2014-10-30,484,12.69064,41.22531,19.98752,6.0875,269,6.223889,0
"488",2014-10-31,485,12.68644,42.80557,21.06155,8.918,269,7.47044,0
"489",2014-11-01,486,12.70407,37.85565,23.31009,9.530001,269,6.10177,0
"490",2014-11-02,487,12.68308,35.29517,16.05118,12.437,272,5.649138,3
"491",2014-11-03,488,12.68728,35.51102,16.44373,8.0765,273,5.882885,1
"492",2014-11-04,489,12.69651,40.05267,16.90125,9.224001,273,6.462013,0
"493",2014-11-05,490,12.72421,40.21439,21.90048,12.3605,273,7.088304,0
"494",2014-11-06,491,12.69148,40.36423,19.18188,8.8415,273,7.870935,0
"495",2014-11-07,492,12.67637,41.92465,17.48898,7.540999,273,6.999184,0
"496",2014-11-08,493,12.67469,42.745,17.60696,7.3115,273,7.569494,0
"497",2014-11-09,494,12.68056,42.54691,20.22794,8,273,8.148015,0
"498",2014-11-10,495,12.70575,42.62189,22.63751,11.366,273,11.46032,0
"499",2014-11-11,496,12.67301,41.69638,20.1633,9.759501,273,8.865967,0
"500",2014-11-12,497,12.67888,43.3295,20.04279,8.9945,273,8.754799,0
"501",2014-11-13,498,12.67888,44.26672,16.68225,8,273,8.561932,0
"502",2014-11-14,499,12.67385,43.66068,19.0275,9.071,273,7.764116,0
"503",2014-11-15,500,12.67721,39.25327,19.86807,8.765,286,6.048353,13
"504",2014-11-16,501,12.67469,23.7457,20.54453,5.4755,286,1.586343,0
"505",2014-11-17,502,12.74772,25.7012,17.81583,6.317,286,3.793597,0
"506",2014-11-18,503,12.76703,25.66519,17.80075,6.3935,287,3.501024,1
"507",2014-11-19,504,12.74184,33.34592,17.76935,6.0875,287,4.116834,0
"508",2014-11-20,505,12.71834,41.77042,15.56924,7.1585,287,6.654898,0
"509",2014-11-21,506,12.71918,41.58621,18.85812,5.3225,287,5.273779,0
"510",2014-11-22,507,12.7452,41.59061,24.1105,11.1365,287,6.698291,0
"511",2014-11-23,508,12.71162,42.15121,19.88864,14.885,291,8.356735,4
"512",2014-11-24,509,12.69735,41.09946,19.57703,7.847,291,5.745163,0
"513",2014-11-25,510,12.71078,40.08618,21.88785,8.535501,291,7.376591,0
"514",2014-11-26,511,12.71666,36.22287,22.97607,8.459001,291,7.455196,0
"515",2014-11-27,512,12.68224,39.68201,18.37573,9.606501,295,8.596152,4
"516",2014-11-28,513,12.67469,35.18686,17.76935,7.388,306,6.189687,11
"517",2014-11-29,514,12.72002,38.92108,20.79086,8.2295,306,5.944817,0
"518",2014-11-30,515,12.72169,41.22641,22.76581,7.4645,306,5.911589,0
"519",2014-12-01,516,12.70827,41.63464,20.39117,9.3005,311,8.948696,5
"520",2014-12-02,517,12.69735,39.17166,21.13434,8.306,311,6.267212,0
"521",2014-12-03,518,12.69567,40.67032,21.8461,11.519,312,8.842369,1
"522",2014-12-04,519,12.69399,42.16577,21.36572,9.835999,312,7.043819,0
"523",2014-12-05,520,12.70491,42.64694,23.59933,11.519,312,7.997652,0
"524",2014-12-06,521,12.70659,43.38425,24.81668,9.224001,312,7.526447,0
"525",2014-12-07,522,12.67888,42.43817,21.59775,9.3005,312,8.710481,0
"526",2014-12-08,523,12.67049,42.70734,21.327,11.2895,314,9.327991,2
"527",2014-12-09,524,12.6856,43.26324,19.98874,9.759501,314,9.132607,0
"528",2014-12-10,525,12.67721,43.5022,21.62729,8.0765,314,8.645732,0
"529",2014-12-11,526,12.68308,41.63907,22.93134,7.6175,314,7.414277,0
"530",2014-12-12,527,12.6898,41.3288,23.63031,9.1475,314,7.192653,0
"531",2014-12-13,528,12.68224,42.34219,20.28229,10.3715,314,9.805192,0
"532",2014-12-14,529,12.62768,44.00858,14.81778,8.6885,314,8.374148,0
"533",2014-12-15,530,12.66377,45.22754,19.72232,7.388,314,7.747856,0
"534",2014-12-16,531,12.67133,45.789,23.47842,8.306,314,7.199848,0
"535",2014-12-17,532,12.66713,43.91113,22.23013,14.732,314,6.682869,0
"536",2014-12-18,533,12.66713,35.05914,22.05136,9.224001,323,5.055726,9
"537",2014-12-19,534,12.69903,37.14026,22.63431,9.835999,323,6.424765,0
"538",2014-12-20,535,12.69315,40.92776,21.95746,6.776,323,5.951024,0
"539",2014-12-21,536,12.67049,42.24429,20.51379,7.388,323,6.994513,0
"540",2014-12-22,537,12.70071,43.0791,22.58353,7.3115,323,7.569957,0
"541",2014-12-23,538,12.71078,40.97949,26.68164,7.6175,323,7.129015,0
"542",2014-12-24,539,12.68476,37.32434,20.27618,8,332,6.021653,9
"543",2014-12-25,540,12.67049,29.75931,19.6499,7.7705,342,5.825878,10
"544",2014-12-26,541,12.72254,33.90512,20.23099,9.224001,342,7.448897,0
"545",2014-12-27,542,12.70575,34.28979,18.4769,12.284,342,9.424164,0
"546",2014-12-28,543,12.66713,35.39929,14.06128,9.377001,342,8.064517,0
"547",2014-12-29,544,12.67637,37.56564,15.41318,7.540999,342,6.862475,0
"548",2014-12-30,545,12.69315,38.80405,16.42389,6.8525,342,6.129872,0
