"","JULDAY","TIME","D0cm","D2.5cm","D5cm","D10cm","D15cm","D20cm","D30cm","D50cm","D100cm","D200cm"
"1",15,0,-14.515700340271,-13.1951446533203,-12.1670722961426,-10.795503616333,-10.2859325408936,-10.2913837432861,-10.7991361618042,-10.9522705078125,-10.1049003601074,7.7416672706604
"2",15,60,-14.5723371505737,-13.4649181365967,-12.4622631072998,-11.0760288238525,-10.4629373550415,-10.3569993972778,-10.7769660949707,-10.9460573196411,-10.0862598419189,7.7416672706604
"3",15,120,-14.2474136352539,-13.7440319061279,-12.7091455459595,-11.3281011581421,-10.635796546936,-10.4356937408447,-10.7604780197144,-10.9396238327026,-10.0676679611206,7.7416672706604
"4",15,180,-14.8763246536255,-13.8430871963501,-12.9324913024902,-11.5543117523193,-10.8025465011597,-10.5231704711914,-10.7497911453247,-10.9330425262451,-10.049126625061,7.7416672706604
"5",15,240,-14.970817565918,-13.991135597229,-13.1193733215332,-11.7581539154053,-10.9619913101196,-10.6160974502563,-10.7448120117188,-10.9263887405396,-10.0306329727173,7.7416672706604
"6",15,300,-14.6174468994141,-14.1794090270996,-13.2755260467529,-11.9421672821045,-11.1135053634644,-10.7119255065918,-10.7452926635742,-10.9197311401367,-10.0121870040894,7.7416672706604
"7",15,360,-15.0984239578247,-14.2225494384766,-13.421103477478,-12.1080532073975,-11.2568302154541,-10.808741569519,-10.7508869171143,-10.9131355285645,-9.99379062652588,7.7416672706604
"8",15,420,-15.1123046875,-14.3120861053467,-13.5421485900879,-12.2582321166992,-11.3919191360474,-10.9051284790039,-10.7611837387085,-10.9066600799561,-9.97544288635254,7.7416672706604
"9",15,480,-14.0059432983398,-14.0372085571289,-13.5620956420898,-12.3871660232544,-11.5184268951416,-11.0000324249268,-10.7757453918457,-10.9003591537476,-9.95714473724365,7.7416672706604
"10",15,540,-10.4671649932861,-12.5605964660645,-13.1311531066895,-12.4344034194946,-11.6281223297119,-11.0920114517212,-10.7941036224365,-10.8942794799805,-9.9388952255249,7.7416672706604
"11",15,600,-5.71927547454834,-9.91865062713623,-11.8863344192505,-12.2602243423462,-11.6890907287598,-11.1761589050293,-10.8156824111938,-10.8884592056274,-9.92069530487061,7.7416672706604
"12",15,660,-1.54630696773529,-6.87474870681763,-10.0087366104126,-11.7698736190796,-11.6514167785645,-11.2404050827026,-10.8394832611084,-10.8829317092896,-9.90254497528076,7.7416672706604
"13",15,720,1.4101494550705,-4.14979791641235,-7.92751026153564,-10.9918518066406,-11.479663848877,-11.2673292160034,-10.863751411438,-10.8777046203613,-9.88444423675537,7.7416672706604
"14",15,780,2.41769909858704,-2.4016752243042,-6.07893705368042,-10.0447864532471,-11.1724300384521,-11.2408723831177,-10.8859195709229,-10.872766494751,-9.86639404296875,7.7416672706604
"15",15,840,0.67459762096405,-2.01386499404907,-4.90810203552246,-9.10434913635254,-10.7641038894653,-11.1528482437134,-10.9029378890991,-10.868067741394,-9.84839630126953,7.7416672706604
"16",15,900,-3.27114629745483,-3.21841168403625,-4.70347881317139,-8.36196136474609,-10.3185501098633,-11.0071058273315,-10.9118824005127,-10.8635225296021,-9.8304500579834,7.7416672706604
"17",15,960,-8.11961650848389,-5.73618364334106,-5.53826379776001,-7.97822570800781,-9.91497039794922,-10.8204393386841,-10.9106464385986,-10.8590154647827,-9.81255435943604,7.7416672706604
"18",15,1020,-10.7461366653442,-8.26878070831299,-7.0314826965332,-8.01573467254639,-9.62707614898682,-10.6199140548706,-10.8985347747803,-10.8544178009033,-9.79471015930176,7.7416672706604
"19",15,1080,-12.1652574539185,-9.80247402191162,-8.44667434692383,-8.35486793518066,-9.48981285095215,-10.4356622695923,-10.8765354156494,-10.8496007919312,-9.77691650390625,7.7416672706604
"20",15,1140,-12.7133731842041,-10.7943744659424,-9.48485946655273,-8.8086109161377,-9.48406028747559,-10.2902116775513,-10.8470478057861,-10.8444595336914,-9.75917434692383,7.7416672706604
"21",15,1200,-13.2190809249878,-11.5111379623413,-10.2635459899902,-9.26778602600098,-9.56672954559326,-10.1929149627686,-10.8131484985352,-10.8389282226562,-9.74148082733154,7.7416672706604
"22",15,1260,-13.3726959228516,-12.1074409484863,-10.8729619979858,-9.69589614868164,-9.70104789733887,-10.1426591873169,-10.7778596878052,-10.8329792022705,-9.72383499145508,7.7416672706604
"23",15,1320,-13.9578666687012,-12.5174264907837,-11.3749179840088,-10.0840082168579,-9.86286354064941,-10.1330709457397,-10.7437238693237,-10.8266181945801,-9.70623588562012,7.7416672706604
"24",15,1380,-14.3997631072998,-12.8589162826538,-11.7917556762695,-10.4329538345337,-10.0375566482544,-10.1561985015869,-10.7126617431641,-10.819878578186,-9.68868255615234,7.7416672706604
"25",46,0,-12.6415634155273,-10.6535654067993,-9.3360710144043,-7.49380922317505,-6.8303108215332,-6.89486885070801,-7.76494789123535,-8.22791957855225,-7.5634937286377,7.7416672706604
"26",46,60,-12.5025005340576,-11.0030508041382,-9.70951557159424,-7.87641286849976,-7.08126926422119,-6.99230718612671,-7.73177099227905,-8.21866226196289,-7.54723072052002,7.7416672706604
"27",46,120,-12.6403694152832,-11.2489910125732,-10.025652885437,-8.21445655822754,-7.32278060913086,-7.10662460327148,-7.70706510543823,-8.20912456512451,-7.53100204467773,7.7416672706604
"28",46,180,-12.9851512908936,-11.4157066345215,-10.2956924438477,-8.51392841339111,-7.55261659622192,-7.23155832290649,-7.69087314605713,-8.19941902160645,-7.514808177948,7.7416672706604
"29",46,240,-12.791955947876,-11.6263751983643,-10.51881980896,-8.78035545349121,-7.76970195770264,-7.36237335205078,-7.68293190002441,-8.18965244293213,-7.49864768981934,7.7416672706604
"30",46,300,-12.905065536499,-11.7594347000122,-10.7135562896729,-9.01785373687744,-7.97370862960815,-7.49556684494019,-7.68277359008789,-8.17992782592773,-7.48252058029175,7.7416672706604
"31",46,360,-12.9485511779785,-11.8744707107544,-10.8798780441284,-9.23030281066895,-8.16474056243896,-7.62860107421875,-7.68980646133423,-8.170334815979,-7.46642780303955,7.7416672706604
"32",46,420,-13.050103187561,-11.8330154418945,-11.0065984725952,-9.41886711120605,-8.34303665161133,-7.75967121124268,-7.70337009429932,-8.16095542907715,-7.45036888122559,7.7416672706604
"33",46,480,-9.41196155548096,-10.8049488067627,-10.8098134994507,-9.55619812011719,-8.50601863861084,-7.88731479644775,-7.72277450561523,-8.15186214447021,-7.43434429168701,7.7416672706604
"34",46,540,-4.3163890838623,-8.19324684143066,-9.74498558044434,-9.49593448638916,-8.62890529632568,-8.00807857513428,-7.74727010726929,-8.14312171936035,-7.41835451126099,7.7416672706604
"35",46,600,1.11929368972778,-4.70798015594482,-7.80979347229004,-9.09127616882324,-8.6567211151123,-8.1110897064209,-7.775794506073,-8.13478088378906,-7.40240097045898,7.7416672706604
"36",46,660,5.28631448745728,-1.08102464675903,-5.3722186088562,-8.31185436248779,-8.53677463531494,-8.17735481262207,-7.80651760101318,-8.12687587738037,-7.38648414611816,7.7416672706604
"37",46,720,8.35693836212158,1.78963553905487,-2.90135025978088,-7.24493265151978,-8.24712371826172,-8.18578338623047,-7.83660888671875,-8.11941051483154,-7.37060451507568,7.7416672706604
"38",46,780,9.30859279632568,3.66743302345276,-0.840649545192719,-6.0511908531189,-7.80561256408691,-8.12101745605469,-7.86242198944092,-8.11234378814697,-7.35476398468018,7.7416672706604
"39",46,840,7.67713594436646,4.07724380493164,0.489628165960312,-4.90870904922485,-7.26237344741821,-7.97895336151123,-7.88006162643433,-8.10559272766113,-7.33896207809448,7.7416672706604
"40",46,900,3.98992419242859,2.76623249053955,0.77555650472641,-4.00671529769897,-6.68943309783936,-7.76859378814697,-7.88609313964844,-8.09903049468994,-7.32320022583008,7.7416672706604
"41",46,960,-2.03273963928223,0.132114544510841,-0.0824270099401474,-3.50776648521423,-6.17181205749512,-7.51176595687866,-7.8782377243042,-8.09249401092529,-7.3074779510498,7.7416672706604
"42",46,1020,-7.38649940490723,-3.34830403327942,-1.86791300773621,-3.49853038787842,-5.78983592987061,-7.2402982711792,-7.85592842102051,-8.08580493927002,-7.2917947769165,7.7416672706604
"43",46,1080,-9.16650295257568,-6.02573680877686,-3.94575977325439,-3.9331259727478,-5.59682846069336,-6.99008703231812,-7.82056760787964,-8.07879638671875,-7.27615070343018,7.7416672706604
"44",46,1140,-10.3205537796021,-7.49603033065796,-5.55095863342285,-4.58597230911255,-5.58993625640869,-6.79175472259521,-7.7753438949585,-8.07133007049561,-7.2605447769165,7.7416672706604
"45",46,1200,-11.1121940612793,-8.47849559783936,-6.70896005630493,-5.26426792144775,-5.716148853302,-6.66074752807617,-7.72448682785034,-8.06331729888916,-7.24497413635254,7.7416672706604
"46",46,1260,-11.7636985778809,-9.19894123077393,-7.58217716217041,-5.89247846603394,-5.91966438293457,-6.59703063964844,-7.67227172851562,-8.05472373962402,-7.22943878173828,7.7416672706604
"47",46,1320,-11.7907590866089,-9.83108043670654,-8.26156902313232,-6.45319557189941,-6.1616587638855,-6.59167146682739,-7.62232875823975,-8.04556846618652,-7.21393775939941,7.7416672706604
"48",46,1380,-11.8962316513062,-10.3208656311035,-8.81182384490967,-6.94788646697998,-6.41883945465088,-6.63275003433228,-7.5773777961731,-8.0359058380127,-7.19846725463867,7.7416672706604
"49",74,0,-5.47414827346802,-3.60207676887512,-2.19989156723022,0.295254737138748,0.0829994827508926,-0.153663173317909,-0.570585787296295,-1.13455832004547,-0.887721598148346,7.7416672706604
"50",74,60,-5.36131811141968,-3.80297112464905,-2.3518853187561,0.259411007165909,0.0824550837278366,-0.153401911258698,-0.562739729881287,-1.12610256671906,-0.878046154975891,7.7416672706604
"51",74,120,-5.45722913742065,-3.92227244377136,-2.46665120124817,0.222767904400826,0.0814584940671921,-0.15311761200428,-0.55530846118927,-1.11765122413635,-0.868385076522827,7.7416672706604
"52",74,180,-5.88581895828247,-3.95732808113098,-2.55868625640869,0.185771837830544,0.0800143480300903,-0.152816221117973,-0.548255383968353,-1.10920917987823,-0.858738303184509,7.7416672706604
"53",74,240,-5.59232950210571,-4.0833592414856,-2.62451124191284,0.148695200681686,0.0781318247318268,-0.152503356337547,-0.54154771566391,-1.10078072547913,-0.849105834960938,7.7416672706604
"54",74,300,-5.65005445480347,-4.12606430053711,-2.67929482460022,0.111748918890953,0.075822725892067,-0.152184396982193,-0.535155832767487,-1.09237027168274,-0.839487791061401,7.7416672706604
"55",74,360,-5.57682847976685,-4.13316345214844,-2.71503734588623,0.0751288011670113,0.0731010809540749,-0.151864320039749,-0.529053151607513,-1.08398127555847,-0.829884052276611,7.7416672706604
"56",74,420,-3.41142606735229,-3.54354810714722,-2.57532668113708,0.0396386086940765,0.069984957575798,-0.151547893881798,-0.523215591907501,-1.07561671733856,-0.820294618606567,7.7416672706604
"57",74,480,0.771323382854462,-1.44938063621521,-1.82394278049469,0.0102824065834284,0.066525362432003,-0.151239439845085,-0.517621636390686,-1.06727945804596,-0.81071949005127,7.7416672706604
"58",74,540,6.37892532348633,1.79156696796417,-0.20538130402565,-0.00297244638204575,0.0628720372915268,-0.150942280888557,-0.512251734733582,-1.05897200107574,-0.801158726215363,7.7416672706604
"59",74,600,11.4998474121094,5.44814014434814,1.98594033718109,0.00904946960508823,0.0593024007976055,-0.1506577283144,-0.507088303565979,-1.050696849823,-0.791612327098846,7.7416672706604
"60",74,660,15.8106374740601,8.88247394561768,4.32025671005249,0.0502261631190777,0.0561728477478027,-0.150384232401848,-0.502115428447723,-1.04245591163635,-0.782080352306366,7.7416672706604
"61",74,720,18.874626159668,11.5562191009521,6.44290542602539,0.119290597736835,0.0538461171090603,-0.150117054581642,-0.497318208217621,-1.03425097465515,-0.772562861442566,7.7416672706604
"62",74,780,19.0215873718262,13.157301902771,7.99937963485718,0.210552349686623,0.0526300109922886,-0.149848446249962,-0.492682844400406,-1.02608346939087,-0.763059854507446,7.7416672706604
"63",74,840,17.1903114318848,13.1846876144409,8.71881866455078,0.314335703849792,0.0527241006493568,-0.149568513035774,-0.48819625377655,-1.01795506477356,-0.753571271896362,7.7416672706604
"64",74,900,13.7233629226685,11.6780595779419,8.46298408508301,0.41839599609375,0.0541788339614868,-0.149266302585602,-0.483845829963684,-1.00986659526825,-0.744097232818604,7.7416672706604
"65",74,960,8.06968784332275,8.86130523681641,7.25008106231689,0.510288000106812,0.0568812042474747,-0.148931235074997,-0.479619562625885,-1.00181937217712,-0.734637677669525,7.7416672706604
"66",74,1020,1.99342405796051,5.05782318115234,5.21469402313232,0.578667342662811,0.0605660527944565,-0.148554459214211,-0.475505828857422,-0.99381411075592,-0.725192964076996,7.7416672706604
"67",74,1080,-1.88452529907227,1.51568901538849,2.83464074134827,0.616087734699249,0.064848817884922,-0.148130044341087,-0.471493661403656,-0.985851466655731,-0.715762853622437,7.7416672706604
"68",74,1140,-3.33014583587646,-0.664570868015289,0.868395805358887,0.623988032341003,0.0693123042583466,-0.147655710577965,-0.467572748661041,-0.977931976318359,-0.706347584724426,7.7416672706604
"69",74,1200,-3.97209286689758,-1.84207820892334,-0.359801948070526,0.611374199390411,0.0736245214939117,-0.147132441401482,-0.46373376250267,-0.970056056976318,-0.696946740150452,7.7416672706604
"70",74,1260,-4.43197631835938,-2.56040716171265,-1.10100162029266,0.586780786514282,0.0775838121771812,-0.146563470363617,-0.45996817946434,-0.962224006652832,-0.68756103515625,7.7416672706604
"71",74,1320,-4.51855182647705,-3.0676748752594,-1.56414532661438,0.555280685424805,0.0810809135437012,-0.14595328271389,-0.456268519163132,-0.954436063766479,-0.678190231323242,7.7416672706604
"72",74,1380,-5.01998424530029,-3.35115361213684,-1.87697052955627,0.519749402999878,0.0840592682361603,-0.145306989550591,-0.452628195285797,-0.946692228317261,-0.668834269046783,7.7416672706604
"73",105,0,1.37179625034332,3.72419857978821,5.73684692382812,8.45198631286621,9.35342884063721,9.09830188751221,7.35188722610474,6.00438547134399,5.81367349624634,7.7416672706604
"74",105,60,1.17847537994385,3.31392216682434,5.17417812347412,7.83962726593018,8.93730163574219,8.92916774749756,7.41029071807861,6.02126455307007,5.81649541854858,7.7416672706604
"75",105,120,0.975010454654694,3.00283646583557,4.71791315078735,7.31048583984375,8.54288864135742,8.73410987854004,7.45332622528076,6.03850984573364,5.81934881210327,7.7416672706604
"76",105,180,0.826102018356323,2.75430512428284,4.34381055831909,6.85146379470825,8.17353820800781,8.5244140625,7.48118257522583,6.05591535568237,5.82223463058472,7.7416672706604
"77",105,240,1.35242283344269,2.45686316490173,4.04197359085083,6.45099306106567,7.83020544052124,8.30834579467773,7.49459362030029,6.07328605651855,5.82515096664429,7.7416672706604
"78",105,300,0.844301164150238,2.36548519134521,3.77711725234985,6.10051155090332,7.51246070861816,8.09175300598145,7.49463510513306,6.09044361114502,5.82809972763062,7.7416672706604
"79",105,360,2.07258820533752,2.63316464424133,3.66155767440796,5.80068683624268,7.21986532211304,7.87866735458374,7.48256778717041,6.10722541809082,5.83107709884644,7.7416672706604
"80",105,420,5.89167499542236,4.27579545974731,4.08736228942871,5.62131500244141,6.96192455291748,7.6726975440979,7.45974779129028,6.12349128723145,5.83408498764038,7.7416672706604
"81",105,480,11.6136798858643,7.30182313919067,5.48340892791748,5.72607374191284,6.77757263183594,7.48138093948364,7.42770862579346,6.13911914825439,5.8371205329895,7.7416672706604
"82",105,540,17.4460201263428,11.1608753204346,7.73723888397217,6.23812580108643,6.72869062423706,7.32112693786621,7.38853883743286,6.15401554107666,5.84018230438232,7.7416672706604
"83",105,600,22.4068603515625,15.2861356735229,10.5111112594604,7.16494369506836,6.86551809310913,7.21553421020508,7.3453426361084,6.16812038421631,5.84326791763306,7.7416672706604
"84",105,660,26.9334354400635,18.9581737518311,13.4493398666382,8.42500782012939,7.20660781860352,7.18832683563232,7.30237722396851,6.1814227104187,5.84637546539307,7.7416672706604
"85",105,720,29.4669895172119,21.9531288146973,16.170581817627,9.88307189941406,7.73649072647095,7.25647163391113,7.26474094390869,6.19397163391113,5.84950351715088,7.7416672706604
"86",105,780,30.141881942749,23.7865829467773,18.3738632202148,11.3801317214966,8.41140937805176,7.42584896087646,7.2377667427063,6.20588493347168,5.8526496887207,7.7416672706604
"87",105,840,28.5258312225342,24.2051887512207,19.7556095123291,12.7452478408813,9.16691017150879,7.6897177696228,7.22629547119141,6.21734523773193,5.85581254959106,7.7416672706604
"88",105,900,24.8707370758057,23.1455554962158,20.1251049041748,13.81396484375,9.92433643341064,8.02892398834229,7.23398160934448,6.22858762741089,5.85899209976196,7.7416672706604
"89",105,960,19.8714656829834,20.6468753814697,19.4306488037109,14.4563055038452,10.6012210845947,8.41373062133789,7.26271486282349,6.23987817764282,5.86218690872192,7.7416672706604
"90",105,1020,13.5561304092407,17.0465335845947,17.7190322875977,14.5905923843384,11.1222038269043,8.80731105804443,7.31225490570068,6.25148916244507,5.86539793014526,7.7416672706604
"91",105,1080,7.52746152877808,12.8717918395996,15.2186651229858,14.195948600769,11.4282121658325,9.17017555236816,7.38012981414795,6.263671875,5.86862564086914,7.7416672706604
"92",105,1140,4.04767036437988,9.44528293609619,12.4783725738525,13.3507881164551,11.4886426925659,9.46532344818115,7.46182441711426,6.27662563323975,5.87187194824219,7.7416672706604
"93",105,1200,3.17013764381409,7.27116394042969,10.2446794509888,12.2821464538574,11.3230314254761,9.66537284851074,7.55130004882812,6.29047822952271,5.87513971328735,7.7416672706604
"94",105,1260,2.47701787948608,5.96815824508667,8.64945602416992,11.2185506820679,10.9996585845947,9.76056289672852,7.64194297790527,6.30527019500732,5.87842988967896,7.7416672706604
"95",105,1320,1.97039031982422,5.04509115219116,7.48142910003662,10.2630281448364,10.5932655334473,9.75897121429443,7.72770404815674,6.320960521698,5.88174486160278,7.7416672706604
"96",105,1380,1.76870834827423,4.32803058624268,6.59050750732422,9.43239402770996,10.1559591293335,9.67869853973389,7.80387878417969,6.33743572235107,5.88508749008179,7.7416672706604
"97",135,0,7.27193689346313,10.1647577285767,12.7141284942627,16.10959815979,17.1834964752197,16.7888565063477,14.4389209747314,12.4896326065063,11.8409423828125,7.7416672706604
"98",135,60,6.97413349151611,9.66352272033691,11.9853239059448,15.3111734390259,16.6424541473389,16.5695648193359,14.5155410766602,12.512547492981,11.8375091552734,7.7416672706604
"99",135,120,6.55467653274536,9.3180103302002,11.4030275344849,14.6267795562744,16.1304321289062,16.3158130645752,14.5717105865479,12.5359001159668,11.8341455459595,7.7416672706604
"100",135,180,6.76513862609863,8.95983695983887,10.9420900344849,14.0379276275635,15.6527404785156,16.0430393218994,14.6076984405518,12.5594100952148,11.8308515548706,7.7416672706604
"101",135,240,6.7314510345459,8.72385597229004,10.5628709793091,13.5292482376099,15.2108373641968,15.7625532150269,14.6245393753052,12.5828161239624,11.8276300430298,7.7416672706604
"102",135,300,6.98630905151367,8.63021373748779,10.2760677337646,13.0900640487671,14.8043508529663,15.4823207855225,14.6237382888794,12.6058750152588,11.8244771957397,7.7416672706604
"103",135,360,10.471529006958,9.68009471893311,10.3664798736572,12.7447443008423,14.4355535507202,15.2080249786377,14.6070556640625,12.6283731460571,11.8213920593262,7.7416672706604
"104",135,420,15.6608104705811,12.4033517837524,11.4187850952148,12.652795791626,14.1329441070557,14.9465637207031,14.5764417648315,12.6501235961914,11.8183746337891,7.7416672706604
"105",135,480,21.9179210662842,16.2396697998047,13.4707565307617,12.974175453186,13.9595613479614,14.7131319046021,14.5342979431152,12.6709699630737,11.8154201507568,7.7416672706604
"106",135,540,28.3343811035156,20.7089557647705,16.2891788482666,13.7651033401489,13.9777688980103,14.532190322876,14.4840135574341,12.6907987594604,11.8125247955322,7.7416672706604
"107",135,600,33.7262573242188,25.3034324645996,19.5459079742432,14.9907579421997,14.2248315811157,14.4314546585083,14.4302797317505,12.7095508575439,11.8096904754639,7.7416672706604
"108",135,660,38.2508087158203,29.2422027587891,22.8538799285889,16.5414981842041,14.7046422958374,14.4346561431885,14.3789358139038,12.7272386550903,11.8069114685059,7.7416672706604
"109",135,720,40.8224678039551,32.3662414550781,25.8140449523926,18.2552070617676,15.3864345550537,14.5556516647339,14.3364448547363,12.7439565658569,11.8041858673096,7.7416672706604
"110",135,780,41.3025932312012,34.3161125183105,28.1740818023682,19.9639663696289,16.2128429412842,14.7949876785278,14.3091268539429,12.7598819732666,11.8015098571777,7.7416672706604
"111",135,840,39.6825904846191,34.8039283752441,29.6652946472168,21.4996395111084,17.1108798980713,15.1397953033447,14.3023614883423,12.7752666473389,11.7988834381104,7.7416672706604
"112",135,900,36.1691932678223,33.7053680419922,30.108829498291,22.7032012939453,17.9973850250244,15.5651979446411,14.3199100494385,12.7904233932495,11.7963037490845,7.7416672706604
"113",135,960,30.727954864502,31.1481342315674,29.4160861968994,23.4435482025146,18.7868633270264,16.0365905761719,14.3634061813354,12.8056898117065,11.7937726974487,7.7416672706604
"114",135,1020,24.2744083404541,27.4109764099121,27.6520214080811,23.6352062225342,19.4005146026611,16.5129432678223,14.4320631027222,12.8214044570923,11.7912883758545,7.7416672706604
"115",135,1080,17.6125946044922,22.9415111541748,25.0351333618164,23.2596168518066,19.7769908905029,16.9511318206787,14.5226249694824,12.8378763198853,11.7888536453247,7.7416672706604
"116",135,1140,12.0119152069092,18.3767127990723,21.9115505218506,22.3701953887939,19.882043838501,17.3111457824707,14.6296234130859,12.8553457260132,11.7864685058594,7.7416672706604
"117",135,1200,10.2447605133057,15.0187215805054,18.9107685089111,21.1135520935059,19.7169704437256,17.5614471435547,14.7459201812744,12.8739681243896,11.7841377258301,7.7416672706604
"118",135,1260,8.66198348999023,13.1974544525146,16.6626453399658,19.7646522521973,19.3351573944092,17.6853809356689,14.863543510437,12.8937902450562,11.7818641662598,7.7416672706604
"119",135,1320,8.02867889404297,11.9191513061523,15.0551815032959,18.5158977508545,18.8258018493652,17.6867694854736,14.9748554229736,12.914755821228,11.7796478271484,7.7416672706604
"120",135,1380,7.7735710144043,10.9613494873047,13.8579273223877,17.4231777191162,18.2634696960449,17.585147857666,15.073655128479,12.9367189407349,11.7774925231934,7.7416672706604
"121",166,0,12.2710313796997,16.1341285705566,18.7717914581299,22.4410171508789,23.5534553527832,23.0569972991943,20.340991973877,17.9661979675293,16.9320163726807,7.7416672706604
"122",166,60,12.6100883483887,15.4688520431519,17.9756507873535,21.5504760742188,22.9491119384766,22.8103332519531,20.4277400970459,17.9932670593262,16.9231014251709,7.7416672706604
"123",166,120,12.4772539138794,15.0443544387817,17.3418369293213,20.790958404541,22.3781661987305,22.5252933502197,20.4910621643066,18.020788192749,16.9142932891846,7.7416672706604
"124",166,180,12.2202730178833,14.7487564086914,16.8319072723389,20.1412220001221,21.846981048584,22.2195701599121,20.5313358306885,18.0484390258789,16.9055843353271,7.7416672706604
"125",166,240,12.1627559661865,14.509557723999,16.4224185943604,19.5825023651123,21.3572158813477,21.9060821533203,20.5498237609863,18.0759162902832,16.8969802856445,7.7416672706604
"126",166,300,13.4488534927368,14.665789604187,16.1906051635742,19.108699798584,20.908763885498,21.5938758850098,20.5483322143555,18.1029434204102,16.8884754180908,7.7416672706604
"127",166,360,17.6741180419922,16.1731700897217,16.528356552124,18.7836875915527,20.510913848877,21.2900104522705,20.5289630889893,18.1292724609375,16.880069732666,7.7416672706604
"128",166,420,23.5194911956787,19.2518463134766,17.8898067474365,18.7771854400635,20.2042274475098,21.0047264099121,20.4941139221191,18.1546878814697,16.8717632293701,7.7416672706604
"129",166,480,29.7124938964844,23.4405517578125,20.2160358428955,19.2257442474365,20.0555458068848,20.7574329376221,20.4468536376953,18.1790256500244,16.8635501861572,7.7416672706604
"130",166,540,36.2021789550781,28.1540775299072,23.2664928436279,20.1600818634033,20.1229419708252,20.5755023956299,20.3914184570312,18.2021656036377,16.8554286956787,7.7416672706604
"131",166,600,41.6863136291504,32.8315849304199,26.7029552459717,21.5287494659424,20.4364166259766,20.4874401092529,20.3333988189697,18.2240524291992,16.8473949432373,7.7416672706604
"132",166,660,45.760425567627,36.9117240905762,30.1079330444336,23.2052955627441,20.9914932250977,20.5158882141113,20.2794742584229,18.244722366333,16.8394451141357,7.7416672706604
"133",166,720,48.7123603820801,39.9851341247559,33.1481971740723,25.0226821899414,21.7495994567871,20.6720790863037,20.2367496490479,18.2642955780029,16.8315773010254,7.7416672706604
"134",166,780,49.225269317627,41.9532661437988,35.5484962463379,26.8134136199951,22.6483631134033,20.9532871246338,20.2119522094727,18.2829990386963,16.8237857818604,7.7416672706604
"135",166,840,47.5025863647461,42.4421043395996,37.0627479553223,28.4118461608887,23.6116790771484,21.3433742523193,20.2106151580811,18.3011302947998,16.816068649292,7.7416672706604
"136",166,900,44.016170501709,41.3725700378418,37.5107727050781,29.6588611602783,24.5543785095215,21.8145408630371,20.2364158630371,18.3190383911133,16.8084278106689,7.7416672706604
"137",166,960,38.6318778991699,38.798225402832,36.8309364318848,30.4297466278076,25.3901329040527,22.3296813964844,20.290714263916,18.3371067047119,16.8008594512939,7.7416672706604
"138",166,1020,32.0942077636719,35.0129737854004,35.0468826293945,30.6376094818115,26.0401401519775,22.8459072113037,20.3722915649414,18.3557147979736,16.7933673858643,7.7416672706604
"139",166,1080,25.206241607666,30.44358253479,32.3780937194824,30.2604579925537,26.441837310791,23.3185882568359,20.4773635864258,18.3751983642578,16.7859516143799,7.7416672706604
"140",166,1140,19.0407199859619,25.6563682556152,29.1411247253418,29.3468284606934,26.5595149993896,23.7063884735107,20.5998401641846,18.3958168029785,16.7786121368408,7.7416672706604
"141",166,1200,16.0177516937256,21.7904205322266,25.8953399658203,28.0284442901611,26.3912830352783,23.9764881134033,20.7319278717041,18.4177360534668,16.771354675293,7.7416672706604
"142",166,1260,15.0239744186401,19.3735809326172,23.3080730438232,26.5583343505859,25.9836349487305,24.1104164123535,20.8649406433105,18.4409961700439,16.7641830444336,7.7416672706604
"143",166,1320,13.7087593078613,18.0041217803955,21.4418544769287,25.1654472351074,25.4244613647461,24.109884262085,20.9904766082764,18.4655361175537,16.7570972442627,7.7416672706604
"144",166,1380,13.2160873413086,16.9606132507324,20.079029083252,23.939905166626,24.7986736297607,23.9943618774414,21.1015911102295,18.4911766052246,16.7501010894775,7.7416672706604
"145",196,0,15.9164705276489,19.1509265899658,21.9193668365479,25.6077995300293,26.721773147583,26.1902465820312,23.3235301971436,20.7576446533203,19.5291309356689,7.7416672706604
"146",196,60,15.6957197189331,18.5721206665039,21.0980587005615,24.6979465484619,26.0981101989746,25.9307556152344,23.4142398834229,20.7865562438965,19.5173397064209,7.7416672706604
"147",196,120,15.5567770004272,18.1383838653564,20.4517612457275,23.9218139648438,25.5102691650391,25.6331691741943,23.4801940917969,20.8159294128418,19.5056591033936,7.7416672706604
"148",196,180,15.8503856658936,17.7299766540527,19.9429035186768,23.2575950622559,24.9642429351807,25.315580368042,23.5219230651855,20.8454113006592,19.4941005706787,7.7416672706604
"149",196,240,14.9452514648438,17.6485061645508,19.5070533752441,22.687520980835,24.4613761901855,24.991096496582,23.5408687591553,20.8746795654297,19.4826641082764,7.7416672706604
"150",196,300,16.3443450927734,17.6487312316895,19.2561073303223,22.2013149261475,24.0012817382812,24.6688060760498,23.5389938354492,20.9034423828125,19.4713478088379,7.7416672706604
"151",196,360,20.2708282470703,19.1373672485352,19.531270980835,21.8555660247803,23.5913257598877,24.3555965423584,23.5185527801514,20.9314384460449,19.4601421356201,7.7416672706604
"152",196,420,26.300422668457,22.2875270843506,20.8864917755127,21.8295040130615,23.2714042663574,24.0612258911133,23.4820575714111,20.9584522247314,19.4490509033203,7.7416672706604
"153",196,480,33.1308135986328,26.5869445800781,23.2921180725098,22.2796897888184,23.1130809783936,23.8053588867188,23.4326705932617,20.9843044281006,19.4380683898926,7.7416672706604
"154",196,540,39.9902954101562,31.491024017334,26.4726333618164,23.2460651397705,23.1806926727295,23.6169090270996,23.3747978210449,21.0088691711426,19.4271926879883,7.7416672706604
"155",196,600,45.9227409362793,36.4128150939941,30.0719738006592,24.6741333007812,23.5078449249268,23.5265522003174,23.3142986297607,21.0320892333984,19.4164199829102,7.7416672706604
"156",196,660,50.082088470459,40.7192535400391,33.656078338623,26.4342746734619,24.0911273956299,23.5588226318359,23.2582397460938,21.0540084838867,19.4057445526123,7.7416672706604
"157",196,720,52.5184326171875,44.0466918945312,36.8255882263184,28.3441066741943,24.8900413513184,23.7261257171631,23.2141914367676,21.0747661590576,19.3951644897461,7.7416672706604
"158",196,780,53.6351203918457,45.9868621826172,39.3437423706055,30.2215442657471,25.8370056152344,24.025598526001,23.1893272399902,21.0945911407471,19.3846759796143,7.7416672706604
"159",196,840,51.9113731384277,46.5134544372559,40.9233245849609,31.8942928314209,26.8505001068115,24.4397811889648,23.1895179748535,21.1138114929199,19.3742771148682,7.7416672706604
"160",196,900,47.9812278747559,45.3939552307129,41.3800582885742,33.1969757080078,27.8406009674072,24.9387989044189,23.2186279296875,21.1328105926514,19.3639659881592,7.7416672706604
"161",196,960,42.2198829650879,42.6818466186523,40.6279563903809,33.991828918457,28.7155227661133,25.4830169677734,23.2780227661133,21.1519908905029,19.3537445068359,7.7416672706604
"162",196,1020,34.7849769592285,38.4833374023438,38.6350212097168,34.1783447265625,29.3899555206299,26.0264587402344,23.3662853240967,21.1717643737793,19.3436088562012,7.7416672706604
"163",196,1080,28.3478221893311,33.7466278076172,35.8080253601074,33.7341766357422,29.7938385009766,26.5207462310791,23.47922706604,21.1924800872803,19.3335647583008,7.7416672706604
"164",196,1140,21.9611549377441,28.8041839599609,32.4336547851562,32.7460594177246,29.8956336975098,26.9215927124023,23.6101341247559,21.2144184112549,19.3236141204834,7.7416672706604
"165",196,1200,18.9641628265381,24.9348125457764,29.0872974395752,31.3512153625488,29.6993751525879,27.1955051422119,23.7505264282227,21.2377433776855,19.313756942749,7.7416672706604
"166",196,1260,17.7908496856689,22.5785789489746,26.4772510528564,29.8233337402344,29.258602142334,27.3249111175537,23.8910961151123,21.2624969482422,19.3040008544922,7.7416672706604
"167",196,1320,17.0031223297119,21.10622215271,24.60959815979,28.3919467926025,28.6685352325439,27.3139266967773,24.0229873657227,21.2885913848877,19.2943458557129,7.7416672706604
"168",196,1380,15.7418460845947,19.7907600402832,23.1217174530029,27.1261749267578,28.0150375366211,27.1847076416016,24.1390132904053,21.3158321380615,19.2847957611084,7.7416672706604
"169",227,0,14.2523021697998,17.1685771942139,19.6652488708496,23.0199356079102,24.079080581665,23.6466312408447,21.1009254455566,18.8731727600098,17.8288345336914,7.7416672706604
"170",227,60,14.028148651123,16.6431751251221,18.9355697631836,22.2125816345215,23.5191040039062,23.4085235595703,21.1821327209473,18.8982467651367,17.8187808990479,7.7416672706604
"171",227,120,13.8740224838257,16.2390766143799,18.3519344329834,21.5199394226074,22.9917964935303,23.1381244659424,21.2410182952881,18.9237365722656,17.8088283538818,7.7416672706604
"172",227,180,14.0508852005005,15.865439414978,17.884298324585,20.9231758117676,22.5012912750244,22.8509140014648,21.2781600952148,18.9493370056152,17.798978805542,7.7416672706604
"173",227,240,13.3754653930664,15.7311725616455,17.482027053833,20.4070854187012,22.0483150482178,22.5579967498779,21.2948875427246,18.9747657775879,17.7892303466797,7.7416672706604
"174",227,300,13.5715951919556,15.6161785125732,17.1798496246338,19.9591064453125,21.6319446563721,22.2670288085938,21.2929592132568,18.999755859375,17.7795829772949,7.7416672706604
"175",227,360,16.0032196044922,16.2885074615479,17.169942855835,19.5968418121338,21.2534580230713,21.9833278656006,21.2743625640869,19.0240821838379,17.7700328826904,7.7416672706604
"176",227,420,21.6140270233154,18.6947898864746,17.9984436035156,19.4437294006348,20.9341526031494,21.7128086090088,21.2412128448486,19.0475444793701,17.7605838775635,7.7416672706604
"177",227,480,28.5553588867188,22.7307167053223,20.0237941741943,19.7036533355713,20.734317779541,21.4686183929443,21.1959686279297,19.0699787139893,17.7512264251709,7.7416672706604
"178",227,540,35.5732269287109,27.5771522521973,23.0127010345459,20.49196434021,20.7319049835205,21.2756671905518,21.142032623291,19.0912609100342,17.7419586181641,7.7416672706604
"179",227,600,41.8700866699219,32.5555381774902,26.5388164520264,21.7815952301025,20.9796905517578,21.1656856536865,21.0842761993408,19.1113262176514,17.7327785491943,7.7416672706604
"180",227,660,46.4552993774414,36.998046875,30.1493129730225,23.4507484436035,21.4877910614014,21.167350769043,21.0290145874023,19.1301975250244,17.7236843109131,7.7416672706604
"181",227,720,49.3917121887207,40.4884643554688,33.4080543518066,25.3155403137207,22.2242527008057,21.2982177734375,20.983434677124,19.1479682922363,17.7146701812744,7.7416672706604
"182",227,780,49.9852638244629,42.6800270080566,36.0187606811523,27.1861152648926,23.1254100799561,21.5602855682373,20.9546661376953,19.1648464202881,17.7057342529297,7.7416672706604
"183",227,840,48.2257308959961,43.243595123291,37.6619071960449,28.8690185546875,24.1088542938232,21.9398212432861,20.9488201141357,19.1811180114746,17.6968727111816,7.7416672706604
"184",227,900,44.5085983276367,41.9697303771973,38.1375389099121,30.180980682373,25.0795783996582,22.4088764190674,20.9701766967773,19.1971340179443,17.6880855560303,7.7416672706604
"185",227,960,38.4855651855469,39.0948638916016,37.3259391784668,30.9702548980713,25.9394416809082,22.9279880523682,21.0205345153809,19.2132892608643,17.6793727874756,7.7416672706604
"186",227,1020,30.5745792388916,34.6790580749512,35.2210235595703,31.1295108795166,26.5971240997314,23.4500217437744,21.0988712310791,19.2299652099609,17.6707344055176,7.7416672706604
"187",227,1080,23.395076751709,29.667839050293,32.1866645812988,30.6270179748535,26.977596282959,23.9247493743896,21.2012748718262,19.2475090026855,17.6621723175049,7.7416672706604
"188",227,1140,18.5831356048584,25.0430335998535,28.7558517456055,29.5630836486816,27.0451889038086,24.305513381958,21.3211841583252,19.2661895751953,17.6536884307861,7.7416672706604
"189",227,1200,16.1859550476074,22.0679874420166,25.7411098480225,28.1752738952637,26.8190135955811,24.5580787658691,21.4501342773438,19.2861595153809,17.6452865600586,7.7416672706604
"190",227,1260,15.2674827575684,20.2420330047607,23.5591430664062,26.7589817047119,26.3788833618164,24.6694374084473,21.5789699554443,19.3074607849121,17.6369667053223,7.7416672706604
"191",227,1320,15.0923299789429,18.9077014923096,21.9968090057373,25.4786167144775,25.8238868713379,24.6500396728516,21.6993236541748,19.3300132751465,17.6287364959717,7.7416672706604
"192",227,1380,14.6327390670776,17.9965572357178,20.8133182525635,24.3699531555176,25.2277278900146,24.5248699188232,21.8047409057617,19.3536281585693,17.6205959320068,7.7416672706604
"193",258,0,9.11718082427979,11.7647733688354,13.7904863357544,16.592845916748,17.5477027893066,17.3005905151367,15.4375410079956,13.9287376403809,13.3132801055908,7.7416672706604
"194",258,60,9.09964370727539,11.2904329299927,13.2052450180054,15.953483581543,17.1048946380615,17.1110363006592,15.4989547729492,13.9459419250488,13.3079071044922,7.7416672706604
"195",258,120,8.94683647155762,10.9461717605591,12.726487159729,15.3999242782593,16.6862869262695,16.8963394165039,15.5431528091431,13.9635019302368,13.3026008605957,7.7416672706604
"196",258,180,9.29080963134766,10.5865879058838,12.3413410186768,14.9185161590576,16.2948760986328,16.6680679321289,15.5705518722534,13.9811820983887,13.2973575592041,7.7416672706604
"197",258,240,9.04719638824463,10.3948993682861,12.0108699798584,14.4985418319702,15.9313697814941,16.4345951080322,15.5821189880371,13.9987640380859,13.2921781539917,7.7416672706604
"198",258,300,8.93526840209961,10.2333383560181,11.7362852096558,14.1301403045654,15.5952281951904,16.2017707824707,15.5791473388672,14.0160455703735,13.2870626449585,7.7416672706604
"199",258,360,8.95761775970459,10.2335329055786,11.5282831192017,13.8084678649902,15.2854623794556,15.973578453064,15.5631008148193,14.0328531265259,13.2820081710815,7.7416672706604
"200",258,420,12.9804811477661,11.4909334182739,11.7320594787598,13.566535949707,15.0048666000366,15.7529296875,15.5355052947998,14.0490283966064,13.2770147323608,7.7416672706604
"201",258,480,19.012565612793,14.5746774673462,13.0248641967773,13.5947580337524,14.7872428894043,15.5453338623047,15.4979677200317,14.0644426345825,13.2720756530762,7.7416672706604
"202",258,540,25.5580711364746,18.8033752441406,15.3760452270508,14.0716638565063,14.7054901123047,15.3667707443237,15.4525632858276,14.078989982605,13.2671937942505,7.7416672706604
"203",258,600,31.8681488037109,23.5183753967285,18.4535274505615,15.0389633178711,14.826886177063,15.2438888549805,15.4024906158447,14.092601776123,13.2623653411865,7.7416672706604
"204",258,660,35.8702239990234,27.688304901123,21.7367248535156,16.4192771911621,15.1839303970337,15.2059001922607,15.3523874282837,14.105263710022,13.2575883865356,7.7416672706604
"205",258,720,39.6055221557617,31.2850799560547,24.8521404266357,18.039529800415,15.7616376876831,15.2749719619751,15.3080568313599,14.1170320510864,13.2528581619263,7.7416672706604
"206",258,780,40.3993721008301,33.4866561889648,27.427490234375,19.7367820739746,16.5132732391357,15.4598360061646,15.2757196426392,14.1280403137207,13.2481737136841,7.7416672706604
"207",258,840,38.8155517578125,33.9865379333496,29.0417327880859,21.2948932647705,17.3655319213867,15.7544679641724,15.2611236572266,14.1384992599487,13.2435340881348,7.7416672706604
"208",258,900,34.3547248840332,32.6842384338379,29.4448146820068,22.5094108581543,18.2234649658203,16.1372203826904,15.268666267395,14.1486921310425,13.2389373779297,7.7416672706604
"209",258,960,28.2439632415771,29.7178421020508,28.5392398834229,23.2091941833496,18.9849472045898,16.5726795196533,15.3006238937378,14.1589317321777,13.2343835830688,7.7416672706604
"210",258,1020,19.6152324676514,24.5005416870117,26.1022109985352,23.2557926177979,19.5525493621826,17.0156669616699,15.3566331863403,14.1695461273193,13.2298727035522,7.7416672706604
"211",258,1080,14.734169960022,20.4642238616943,23.1789474487305,22.6378765106201,19.8396415710449,17.4151496887207,15.4334602355957,14.1808280944824,13.2254056930542,7.7416672706604
"212",258,1140,12.5124654769897,17.1389446258545,20.3466243743896,21.6135120391846,19.8395690917969,17.7256145477295,15.5251836776733,14.19300365448,13.2209844589233,7.7416672706604
"213",258,1200,11.4891443252563,15.2165298461914,18.2054347991943,20.4464302062988,19.6066570281982,17.9211807250977,15.6242456436157,14.206205368042,13.2166118621826,7.7416672706604
"214",258,1260,10.6817960739136,13.9581985473633,16.6627292633057,19.3411979675293,19.2290935516357,17.9991607666016,15.7229270935059,14.2204599380493,13.2122888565063,7.7416672706604
"215",258,1320,10.0260486602783,13.049204826355,15.5051870346069,18.3633613586426,18.7825832366943,17.9746990203857,15.8146333694458,14.2356996536255,13.2080192565918,7.7416672706604
"216",258,1380,9.57265663146973,12.3220310211182,14.5988798141479,17.514820098877,18.3145122528076,17.8702812194824,15.8945398330688,14.2517786026001,13.2038040161133,7.7416672706604
"217",288,0,3.25263285636902,5.06578493118286,6.60597610473633,8.68756675720215,9.43808937072754,9.33306980133057,8.16778182983398,7.35154819488525,7.219162940979,7.7416672706604
"218",288,60,3.0574939250946,4.72287511825562,6.16848659515381,8.23299694061279,9.12922859191895,9.20338535308838,8.2086763381958,7.36175155639648,7.22013425827026,7.7416672706604
"219",288,120,2.90992546081543,4.44661951065063,5.80586767196655,7.83407783508301,8.83458709716797,9.05527305603027,8.23808002471924,7.37223052978516,7.22112798690796,7.7416672706604
"220",288,180,2.61595773696899,4.25147867202759,5.4996018409729,7.48310708999634,8.55645179748535,8.89643859863281,8.25616645812988,7.3828330039978,7.22214365005493,7.7416672706604
"221",288,240,2.5453724861145,4.06356382369995,5.24397706985474,7.17304277420044,8.29573249816895,8.7325611114502,8.2634801864624,7.39341115951538,7.22318172454834,7.7416672706604
"222",288,300,2.63466453552246,3.88242650032043,5.02840137481689,6.89802074432373,8.05246257781982,8.56772327423096,8.26079940795898,7.40383195877075,7.22424125671387,7.7416672706604
"223",288,360,2.58433413505554,3.76191639900208,4.84331512451172,6.6534276008606,7.82614374160767,8.40478038787842,8.24903106689453,7.41397380828857,7.22532224655151,7.7416672706604
"224",288,420,3.5624475479126,3.98299670219421,4.76753950119019,6.44250249862671,7.61658906936646,8.24569702148438,8.2291374206543,7.42372941970825,7.2264232635498,7.7416672706604
"225",288,480,7.76270866394043,5.55418920516968,5.19985961914062,6.32920122146606,7.4322395324707,8.09256553649902,8.20209980010986,7.43300724029541,7.22754383087158,7.7416672706604
"226",288,540,13.1733484268188,8.66517639160156,6.62393379211426,6.4895486831665,7.31193447113037,7.95160675048828,8.16903209686279,7.44173097610474,7.22868204116821,7.7416672706604
"227",288,600,19.1091289520264,12.5697660446167,8.92148971557617,7.055016040802,7.32064342498779,7.83867883682251,8.13157939910889,7.44984102249146,7.22983694076538,7.7416672706604
"228",288,660,23.5776672363281,16.424352645874,11.687798500061,8.03073215484619,7.51082611083984,7.77754306793213,8.09244060516357,7.45730876922607,7.23100614547729,7.7416672706604
"229",288,720,26.8107757568359,19.6407012939453,14.4000577926636,9.2948169708252,7.89610385894775,7.79184770584106,8.05551147460938,7.46414661407471,7.23218870162964,7.7416672706604
"230",288,780,27.6378421783447,21.6481037139893,16.6858596801758,10.6786851882935,8.44782829284668,7.8963828086853,8.02550315856934,7.47042655944824,7.23338317871094,7.7416672706604
"231",288,840,26.0270595550537,22.1247959136963,18.1061000823975,11.9766635894775,9.10512161254883,8.0924072265625,8.00719928741455,7.47627973556519,7.23458766937256,7.7416672706604
"232",288,900,21.6860523223877,20.8556041717529,18.4260292053223,12.9903478622437,9.78312873840332,8.36585330963135,8.00458240509033,7.48189353942871,7.23580169677734,7.7416672706604
"233",288,960,15.9444751739502,17.98899269104,17.5115947723389,13.5471830368042,10.3873567581177,8.68864631652832,8.02003479003906,7.48749351501465,7.23702526092529,7.7416672706604
"234",288,1020,9.81663990020752,14.1039066314697,15.5477275848389,13.5535440444946,10.8288478851318,9.02230930328369,8.05375957489014,7.49331998825073,7.23825788497925,7.7416672706604
"235",288,1080,6.74668025970459,10.8706254959106,13.1464939117432,13.0443534851074,11.0469760894775,9.32450580596924,8.10353755950928,7.49959230422974,7.23950099945068,7.7416672706604
"236",288,1140,5.65200328826904,8.87691211700439,11.1631660461426,12.2522048950195,11.0411109924316,9.55911731719971,8.16498565673828,7.50648641586304,7.24075508117676,7.7416672706604
"237",288,1200,4.86442422866821,7.65098524093628,9.73999691009521,11.4152879714966,10.8705520629883,9.70767879486084,8.23248291015625,7.51410627365112,7.24202299118042,7.7416672706604
"238",288,1260,3.98388910293579,6.81354904174805,8.68296432495117,10.6429481506348,10.6054267883301,9.77103424072266,8.30041790008545,7.52248001098633,7.24330472946167,7.7416672706604
"239",288,1320,3.86239194869995,6.08086013793945,7.87338972091675,9.95933818817139,10.2958517074585,9.76165676116943,8.36411285400391,7.53156757354736,7.24460363388062,7.7416672706604
"240",288,1380,3.47535967826843,5.55395841598511,7.22145843505859,9.36166667938232,9.97133731842041,9.69570732116699,8.42016983032227,7.54127740859985,7.24592113494873,7.7416672706604
"241",319,0,-3.12008094787598,-1.02084970474243,0.527558028697968,0.116521380841732,0.0304085686802864,0.02363545820117,0.0234983265399933,0.0235742572695017,0.0396670177578926,7.7416672706604
"242",319,60,-2.99426364898682,-1.57372975349426,-0.533158898353577,0.112804092466831,0.0314270220696926,0.0236982088536024,0.0234987754374743,0.023577269166708,0.0400024279952049,7.7416672706604
"243",319,120,-3.18555021286011,-1.99560296535492,-1.03775811195374,0.0997588336467743,0.0323032811284065,0.0237684585154057,0.0234993733465672,0.0235803388059139,0.0403377935290337,7.7416672706604
"244",319,180,-3.56082201004028,-2.20956063270569,-1.32344913482666,0.0821382701396942,0.0329557880759239,0.0238444749265909,0.023500133305788,0.0235834736377001,0.0406731143593788,7.7416672706604
"245",319,240,-3.36268043518066,-2.41017699241638,-1.4868278503418,0.0621378570795059,0.0333470329642296,0.0239240527153015,0.0235010646283627,0.0235866699367762,0.041008397936821,7.7416672706604
"246",319,300,-3.47633576393127,-2.50297355651855,-1.59307932853699,0.0409353747963905,0.0334614254534245,0.0240048002451658,0.0235021710395813,0.023589925840497,0.041343629360199,7.7416672706604
"247",319,360,-3.52309560775757,-2.57137203216553,-1.66393959522247,0.0191590748727322,0.033295039087534,0.0240842700004578,0.023503452539444,0.0235932413488626,0.041678823530674,7.7416672706604
"248",319,420,-3.71163272857666,-2.56854343414307,-1.71307122707367,-0.00281415833160281,0.0328502617776394,0.0241600517183542,0.0235049035400152,0.0235966183245182,0.0420139692723751,7.7416672706604
"249",319,480,-2.06945109367371,-2.13472604751587,-1.61897754669189,-0.0242663212120533,0.0321348942816257,0.024229796603322,0.0235065128654242,0.023600060492754,0.0423490740358829,7.7416672706604
"250",319,540,1.72502744197845,-0.458098739385605,-1.0160129070282,-0.041121069341898,0.031183835119009,0.0242913514375687,0.0235082656145096,0.0236035622656345,0.0426841303706169,7.7416672706604
"251",319,600,6.27434253692627,2.23234796524048,0.325975984334946,-0.0447952374815941,0.0301153268665075,0.0243432074785233,0.0235101357102394,0.0236071236431599,0.0430191494524479,7.7416672706604
"252",319,660,10.3263807296753,5.20416784286499,2.12583041191101,-0.0275593344122171,0.0291575752198696,0.0243853945285082,0.0235121101140976,0.02361074462533,0.043354120105505,7.7416672706604
"253",319,720,13.1505126953125,7.82801628112793,3.97429180145264,0.0133384000509977,0.0286022406071424,0.0244202557951212,0.0235141646116972,0.0236144308000803,0.0436890497803688,7.7416672706604
"254",319,780,13.7567510604858,9.39060020446777,5.45491695404053,0.075280673801899,0.0287341102957726,0.0244526471942663,0.0235162898898125,0.0236181784421206,0.044023934751749,7.7416672706604
"255",319,840,12.3438911437988,9.44241905212402,6.16481113433838,0.150085881352425,0.0297604035586119,0.0244895610958338,0.0235184878110886,0.0236219856888056,0.0443587824702263,7.7416672706604
"256",319,900,8.64648246765137,8.05120658874512,5.92787837982178,0.226074799895287,0.0317506939172745,0.0245391279459,0.0235207751393318,0.0236258525401354,0.0446935817599297,7.7416672706604
"257",319,960,3.82134962081909,5.39682960510254,4.77665424346924,0.290945649147034,0.0346148312091827,0.0246092788875103,0.0235231872648001,0.0236297827214003,0.0450283363461494,7.7416672706604
"258",319,1020,0.456546366214752,2.64583230018616,3.07101392745972,0.334823876619339,0.0381169393658638,0.0247064065188169,0.0235257744789124,0.0236337762326002,0.0453630462288857,7.7416672706604
"259",319,1080,-0.614290356636047,0.84354567527771,1.55771660804749,0.356058657169342,0.0419474169611931,0.0248343665152788,0.023528603836894,0.0236378293484449,0.0456977114081383,7.7416672706604
"260",319,1140,-1.46890580654144,-0.122554183006287,0.569809257984161,0.360660225152969,0.0458392314612865,0.0249943807721138,0.0235317442566156,0.0236419420689344,0.0460323356091976,7.7416672706604
"261",319,1200,-1.90338802337646,-0.78046989440918,-0.0525243803858757,0.354979962110519,0.0496198311448097,0.0251857526600361,0.0235352646559477,0.0236461162567139,0.0463669151067734,7.7416672706604
"262",319,1260,-2.27628636360168,-1.23368895053864,-0.467032849788666,0.342895418405533,0.05318683385849,0.0254066213965416,0.0235392227768898,0.0236503537744284,0.0467014536261559,7.7416672706604
"263",319,1320,-2.57334017753601,-1.56381666660309,-0.758530974388123,0.326660245656967,0.0564791150391102,0.0256544630974531,0.0235436893999577,0.0236546527594328,0.0470359437167645,7.7416672706604
"264",319,1380,-3.20250391960144,-1.75113892555237,-0.979203760623932,0.307647198438644,0.0594599358737469,0.0259263645857573,0.02354871109128,0.0236590132117271,0.0473703965544701,7.7416672706604
"265",349,0,-10.5324983596802,-9.45259952545166,-8.55771827697754,-7.38476943969727,-6.95267105102539,-6.96206569671631,-7.40798950195312,-7.54671621322632,-6.848313331604,7.7416672706604
"266",349,60,-10.6932735443115,-9.68035984039307,-8.8209171295166,-7.62952709197998,-7.10633516311646,-7.01912069320679,-7.38841819763184,-7.54137659072876,-6.83292388916016,7.7416672706604
"267",349,120,-10.8228149414062,-9.8706226348877,-9.04605388641357,-7.8501148223877,-7.25683164596558,-7.08762454986572,-7.37386894226074,-7.5358419418335,-6.81757593154907,7.7416672706604
"268",349,180,-11.1033782958984,-10.003623008728,-9.242018699646,-8.04892539978027,-7.4023699760437,-7.16387224197388,-7.36444425582886,-7.53017854690552,-6.80226898193359,7.7416672706604
"269",349,240,-11.1093730926514,-10.1508407592773,-9.4080810546875,-8.22845840454102,-7.54184198379517,-7.24497652053833,-7.36006164550781,-7.52445268630981,-6.78700160980225,7.7416672706604
"270",349,300,-11.0858297348022,-10.2795038223267,-9.55174827575684,-8.39070606231689,-7.67462396621704,-7.32872295379639,-7.36050319671631,-7.51872634887695,-6.77177476882935,7.7416672706604
"271",349,360,-11.1417970657349,-10.3763675689697,-9.67781925201416,-8.53749656677246,-7.80042409896851,-7.41343641281128,-7.36546230316162,-7.51305818557739,-6.75658750534058,7.7416672706604
"272",349,420,-10.8892869949341,-10.5016326904297,-9.7834529876709,-8.67059135437012,-7.91916847229004,-7.49787330627441,-7.37458086013794,-7.50750017166138,-6.7414402961731,7.7416672706604
"273",349,480,-10.3542146682739,-10.3339920043945,-9.82734489440918,-8.7867259979248,-8.03063774108887,-7.58110904693604,-7.3874716758728,-7.50209999084473,-6.72633266448975,7.7416672706604
"274",349,540,-7.53252458572388,-9.16117763519287,-9.5252799987793,-8.8432788848877,-8.12929725646973,-7.66202306747437,-7.40372705459595,-7.49690008163452,-6.711266040802,7.7416672706604
"275",349,600,-3.2349967956543,-6.87927103042603,-8.4929780960083,-8.71578311920166,-8.18926906585693,-7.73684453964233,-7.42285823822021,-7.49193525314331,-6.69623994827271,7.7416672706604
"276",349,660,0.638343572616577,-4.1105523109436,-6.83876848220825,-8.30366134643555,-8.16486167907715,-7.79534387588501,-7.44403553009033,-7.48723363876343,-6.68125534057617,7.7416672706604
"277",349,720,3.03311157226562,-1.58226490020752,-4.9617862701416,-7.61969041824341,-8.02004909515381,-7.82169055938721,-7.46574783325195,-7.48280668258667,-6.6663122177124,7.7416672706604
"278",349,780,4.17016315460205,0.0112610533833504,-3.28572750091553,-6.77412128448486,-7.750648021698,-7.80057811737061,-7.48570728302002,-7.4786434173584,-6.65141153335571,7.7416672706604
"279",349,840,2.68242073059082,0.339107602834702,-2.21755385398865,-5.92872762680054,-7.38740587234497,-7.72384786605835,-7.50113773345947,-7.47470045089722,-6.6365532875061,7.7416672706604
"280",349,900,-0.935191810131073,-0.796908974647522,-2.05533123016357,-5.26512765884399,-6.98931932449341,-7.59462356567383,-7.50934791564941,-7.47090148925781,-6.62173795700073,7.7416672706604
"281",349,960,-5.21665477752686,-3.0669059753418,-2.83718299865723,-4.9335732460022,-6.63079595565796,-7.42838859558105,-7.50839424133301,-7.46714115142822,-6.6069655418396,7.7416672706604
"282",349,1020,-7.45831727981567,-5.1805534362793,-4.16665935516357,-4.98165321350098,-6.37930583953857,-7.2503080368042,-7.49765729904175,-7.4633002281189,-6.59223651885986,7.7416672706604
"283",349,1080,-8.50442028045654,-6.46487045288086,-5.35549831390381,-5.28255081176758,-6.26262378692627,-7.08784675598145,-7.47808456420898,-7.45926380157471,-6.57754945755005,7.7416672706604
"284",349,1140,-9.38495063781738,-7.25422668457031,-6.23647689819336,-5.67261791229248,-6.25935697555542,-6.96052885055542,-7.45188999176025,-7.45493745803833,-6.56290340423584,7.7416672706604
"285",349,1200,-9.31711483001709,-7.96016359329224,-6.8947548866272,-6.06577587127686,-6.33112764358521,-6.87580537796021,-7.42184734344482,-7.45026397705078,-6.54829835891724,7.7416672706604
"286",349,1260,-9.77452659606934,-8.43857669830322,-7.42573928833008,-6.43279504776001,-6.44678735733032,-6.83219957351685,-7.39063787460327,-7.44521713256836,-6.53373241424561,7.7416672706604
"287",349,1320,-10.0747699737549,-8.83742618560791,-7.86077976226807,-6.767165184021,-6.58612585067749,-6.82394790649414,-7.36049365997314,-7.43980360031128,-6.51920604705811,7.7416672706604
"288",349,1380,-10.7886476516724,-9.09358692169189,-8.23147010803223,-7.06901454925537,-6.73691368103027,-6.84408855438232,-7.33309507369995,-7.43405437469482,-6.50471687316895,7.7416672706604
